corpus_id,source_group,categorical_match,topology_match,auxiliary_shell_match,occt_solids,freecad_solids,occt_shells,freecad_shells,occt_faces,freecad_faces,occt_volume,freecad_volume,volume_relative_difference,volume_within_tolerance,occt_bbox_diagonal,freecad_bbox_diagonal,bbox_relative_difference,bbox_within_tolerance,comparison_pass
C01,3D ContentCentral,True,True,True,2,2,2,2,51,51,200934.3071849523,200934.3071849523,0.0,True,160.37767956794985,160.37767924496228,2.0139184912377423e-09,True,True
C02,3D ContentCentral,True,True,True,3,3,3,3,45,45,47051.68796759643,47051.68796759643,0.0,True,103.92542674342565,103.92304845413267,2.288457567606566e-05,False,True
C03,3D ContentCentral,True,True,True,1,1,1,1,197,197,80542.66422932189,80542.66422932189,0.0,True,366.22078043462756,366.2207800942594,9.294070093979308e-10,True,True
C04,3D ContentCentral,True,True,True,1,1,2,2,1317,1317,2052587.5263569234,2052464.6618834762,5.985833581736324e-05,True,724.2696161820121,724.2573501824174,1.693568157576566e-05,False,True
D01,3Dfindit,True,True,True,5,5,5,5,308,308,160514.74456515268,160514.74456515268,0.0,True,162.39140935303203,162.3643633226942,0.00016654840576592125,False,True
D02,3Dfindit,True,True,True,1,1,1,1,98,98,29370.5253744438,29370.5253744438,0.0,True,68.94200495779043,68.94200461257273,5.0073637976031176e-09,True,True
D03,3Dfindit,True,True,True,2,2,2,2,458,458,453664.83692637226,453664.83692637226,0.0,True,311.26626803657877,311.2482174918768,5.799068693123815e-05,False,True
D04,3Dfindit,True,True,True,3,3,3,3,341,341,118918.92930442459,118918.92930442459,0.0,True,135.84662899122873,135.83629853614238,7.604498663720255e-05,False,True
F001,Fusion360Gallery,True,True,True,1,1,1,1,4,4,235.61944901923448,235.61944901923448,0.0,True,28.301943685902565,28.30194339616981,1.0237203372324204e-08,True,True
F002,Fusion360Gallery,True,True,True,1,1,1,1,3,3,62.83185307179586,62.83185307179586,0.0,True,20.199010114359567,20.199009876724155,1.176470581713528e-08,True,True
F003,Fusion360Gallery,True,True,True,1,1,1,1,4,4,1057.883240494521,1057.883240494521,0.0,True,24.49489775443041,24.49489742783178,1.3333333091682624e-08,True,True
F004,Fusion360Gallery,True,True,True,1,1,1,1,4,4,295.2393440604394,295.2393440604394,0.0,True,21.834568645301516,21.834568348621683,1.358762050766301e-08,True,True
F005,Fusion360Gallery,True,True,True,1,1,1,1,3,3,2887.57756781861,2887.57756781861,0.0,True,37.04838764916852,37.04838730674359,9.24264043527004e-09,True,True
F006,Fusion360Gallery,True,True,True,1,1,1,1,36,36,85.27616192890802,85.27616192890802,0.0,True,25.429530918830118,25.429501550427673,1.1548935974440796e-06,False,True
F007,Fusion360Gallery,True,True,True,1,1,1,1,22,22,220.22078981673687,220.22078981673687,0.0,True,21.61748178876797,21.617481496362256,1.352635420248284e-08,True,True
F008,Fusion360Gallery,True,True,True,1,1,1,1,6,6,146.60009504737974,146.60009504737974,0.0,True,20.534438706842856,20.534438453348017,1.2344863327445585e-08,True,True
F009,Fusion360Gallery,True,True,True,1,1,1,1,5,5,102.11468534192772,102.11468534192772,0.0,True,28.29212718604084,28.292126898563925,1.0161021589906192e-08,True,True
F010,Fusion360Gallery,True,True,True,1,1,1,1,17,17,2611.0633003927323,2611.0633003927323,0.0,True,33.166248249209666,33.166247903553995,1.0421910509728708e-08,True,True
F011,Fusion360Gallery,True,True,True,1,1,1,1,6,6,699.9999999999999,699.9999999999999,0.0,True,22.63294089154125,22.63294059551255,1.3079550724841423e-08,True,True
F012,Fusion360Gallery,True,True,True,1,1,1,1,20,20,75.49813702322284,75.49813702322284,0.0,True,20.31966778162369,20.319667538837564,1.1948331441015514e-08,True,True
F013,Fusion360Gallery,True,True,True,1,1,1,1,8,8,87.59536566119631,87.59536566119631,0.0,True,22.374426539749837,22.374426238049523,1.3484158531300977e-08,True,True
F014,Fusion360Gallery,True,True,True,1,1,1,1,6,6,79.9397989571182,79.9397989571182,0.0,True,22.374139943966487,22.374139671139897,1.2193835850125491e-08,True,True
F015,Fusion360Gallery,True,True,True,1,1,1,1,10,10,318.38733144016805,318.38733144016805,0.0,True,24.17403334086282,24.17403304864648,1.2088025927254444e-08,True,True
F016,Fusion360Gallery,True,True,True,1,1,1,1,25,25,814.0484504045208,814.0484504045208,0.0,True,33.93468024749902,33.934679901245566,1.0203527726648416e-08,True,True
F017,Fusion360Gallery,True,True,True,1,1,1,1,297,297,621.3032367699531,621.3032367699531,0.0,True,32.0260296856749,32.01562118716425,0.00032500121347559034,False,True
F018,Fusion360Gallery,True,True,True,1,1,1,1,5,5,3118.1869813938542,3118.1869813938542,0.0,True,31.687247503804223,31.68724716116976,1.081300801550185e-08,True,True
F019,Fusion360Gallery,True,True,True,1,1,1,1,14,14,252.87205178581954,252.87205178581954,0.0,True,25.024470817733437,25.02447052372018,1.1749029992505253e-08,True,True
F020,Fusion360Gallery,True,True,True,1,1,1,1,6,6,97.04253260484498,97.04253260484498,0.0,True,27.24179970437984,27.24179941263336,1.0709515684049358e-08,True,True
F021,Fusion360Gallery,True,True,True,1,1,1,1,8,8,100.3079814726563,100.3079814726563,0.0,True,21.484156664346933,21.45753281906268,0.0012392315742341712,False,True
F022,Fusion360Gallery,True,True,True,1,1,1,1,3,3,392.69908169872417,392.69908169872417,0.0,True,21.21320371843914,21.213203435596427,1.3333333171202527e-08,True,True
F023,Fusion360Gallery,True,True,True,1,1,1,1,9,9,404.5077471984371,404.5077471984371,0.0,True,28.722813546029922,28.722813232690143,1.0909090730618105e-08,True,True
F024,Fusion360Gallery,True,True,True,1,1,1,1,22,22,544.1746593056915,544.1746593056915,0.0,True,28.61118408627463,28.61118375303594,1.1647147744549508e-08,True,True
F025,Fusion360Gallery,True,True,True,1,1,1,1,14,14,335.53151995926765,335.53151995926765,0.0,True,24.465325465436774,24.4653251577801,1.2575212780438443e-08,True,True
F026,Fusion360Gallery,True,True,True,1,1,1,1,8,8,849.068132794371,849.068132794371,0.0,True,40.53541501584895,40.535414695240846,7.909333152735707e-09,True,True
F027,Fusion360Gallery,True,True,True,1,1,1,1,4,4,96.43022372177802,96.43022372177802,0.0,True,28.286156302533318,28.286156017400685,1.008028906869344e-08,True,True
F028,Fusion360Gallery,True,True,True,1,1,1,1,10,10,2621.8723874403704,2621.8723874403704,0.0,True,33.17294782466246,33.172947478999276,1.0420032113529656e-08,True,True
F029,Fusion360Gallery,True,True,True,1,1,1,1,26,26,5118.751551867557,5118.751551867557,0.0,True,32.82952635120471,32.82952600598701,1.0515463917046317e-08,True,True
F030,Fusion360Gallery,True,True,True,1,1,1,1,19,19,30.144027110130413,30.144027110130413,0.0,True,23.819689148325832,23.8133285562865,0.0002670308583678222,False,True
F031,Fusion360Gallery,True,True,True,1,1,1,1,10,10,1941.9705959403195,1941.9705959403195,0.0,True,25.537170352756906,25.53717002039283,1.3014914064560901e-08,True,True
F032,Fusion360Gallery,True,True,True,1,1,1,1,5,5,22.823275427439924,22.823275427439924,0.0,True,20.21830989543054,20.218309656137773,1.1835448569757907e-08,True,True
F033,Fusion360Gallery,True,True,True,1,1,1,1,79,79,494.3432233512892,494.3432233512892,0.0,True,23.72800286212033,23.728002541435004,1.3515057674488773e-08,True,True
F034,Fusion360Gallery,True,True,True,1,1,1,1,18,18,1.1093263878793906,1.1093263878793906,0.0,True,20.018136857039764,20.018136645183688,1.058320648452581e-08,True,True
F035,Fusion360Gallery,True,True,True,1,1,1,1,12,12,323.96943696866396,323.96943696866396,0.0,True,22.110832237214005,22.11083193570266,1.3636363499737276e-08,True,True
F036,Fusion360Gallery,True,True,True,1,1,1,1,8,8,1737.7128758619542,1737.7128758619542,0.0,True,27.795398273601116,27.795397951475476,1.1589171587653847e-08,True,True
F037,Fusion360Gallery,True,True,True,1,1,1,1,10,10,2.367542860194038,2.367542860194038,0.0,True,20.624030499472774,20.62403024027773,1.2567623195721426e-08,True,True
F038,Fusion360Gallery,True,True,True,1,1,1,1,9,9,1764.8173055905727,1764.8173055905727,0.0,True,31.388536319488367,31.38853599948246,1.0194992941399863e-08,True,True
F039,Fusion360Gallery,True,True,True,1,1,1,1,18,18,39.968028085742176,39.968028085742176,0.0,True,30.649209133669768,30.649208841654186,9.527671014929821e-09,True,True
F040,Fusion360Gallery,True,True,True,1,1,1,1,31,31,14.312803376638186,14.312803376638186,0.0,True,23.2051466771317,23.205146401656865,1.1871281817960771e-08,True,True
F041,Fusion360Gallery,True,True,True,1,1,1,1,18,18,837.8862092071441,837.8862092071441,0.0,True,22.6980179139118,22.698017610801628,1.3354037103805933e-08,True,True
F042,Fusion360Gallery,True,True,True,1,1,1,1,11,11,20.346820248717307,20.346820248717307,0.0,True,20.070826490211022,20.07082626735955,1.1103253395940333e-08,True,True
F043,Fusion360Gallery,True,True,True,1,1,1,1,30,30,414.5450508258548,414.5450508258548,0.0,True,28.69222252930983,28.69222221672683,1.0894346052885228e-08,True,True
F044,Fusion360Gallery,True,True,True,1,1,1,1,7,7,389.00121751333916,389.00121751333916,0.0,True,28.144658196121206,28.144657893860135,1.0739553814334098e-08,True,True
F045,Fusion360Gallery,True,True,True,1,1,1,1,6,6,963.5676317055345,963.5676317055345,0.0,True,28.659913517838817,28.659913206428243,1.0865719241561295e-08,True,True
F046,Fusion360Gallery,True,True,True,1,1,1,1,6,6,285.36454285097517,285.36454285097517,0.0,True,27.60480012018602,27.604799832101143,1.0436042847202837e-08,True,True
F047,Fusion360Gallery,True,True,True,1,1,1,1,8,8,139.75455534793957,139.75455534793957,0.0,True,28.324824813578758,28.324824520442597,1.0349089980526866e-08,True,True
F048,Fusion360Gallery,True,True,True,1,1,1,1,24,24,381.92776954595007,381.92776954595007,0.0,True,24.74028098854382,24.740280660372786,1.3264644553189158e-08,True,True
F049,Fusion360Gallery,True,True,True,1,1,1,1,9,9,23.76945835164166,23.76945835164166,0.0,True,20.095426988672592,20.095426762121964,1.1273740490864297e-08,True,True
F050,Fusion360Gallery,True,True,True,1,1,1,1,18,18,286.5426920548789,286.5426920548789,0.0,True,21.732908827349924,21.732908532621035,1.3561410060072916e-08,True,True
F051,Fusion360Gallery,True,True,True,1,1,1,1,10,10,18.647553005378633,18.647553005378633,0.0,True,20.263677747381593,20.26367750455558,1.19833139260228e-08,True,True
F052,Fusion360Gallery,True,True,True,1,1,1,1,40,40,19.90830743351772,19.90830743351772,0.0,True,20.342131195769586,20.33520732646499,0.00034037089024559404,False,True
F053,Fusion360Gallery,True,True,True,1,1,1,1,36,36,213.38553966675607,213.38553966675607,0.0,True,30.417786069287114,30.417785732700203,1.106546381991157e-08,True,True
F054,Fusion360Gallery,True,True,True,1,1,1,1,18,18,125.73773750720389,125.73773750720389,0.0,True,28.360649090456306,28.3606487937071,1.0463413781341845e-08,True,True
F055,Fusion360Gallery,True,True,True,1,1,1,1,4,4,565.2692663898649,565.2692663898649,0.0,True,23.573488448241534,23.573488128839852,1.3549190341223112e-08,True,True
F056,Fusion360Gallery,True,True,True,1,1,1,1,5,5,452.0402762665324,452.0402762665324,0.0,True,21.561282462916974,21.56128217172831,1.3505164480321488e-08,True,True
F057,Fusion360Gallery,True,True,True,1,1,1,1,50,50,59.29018738111699,59.29018738111699,0.0,True,24.606873692577118,24.60687341084312,1.1449402295160462e-08,True,True
F058,Fusion360Gallery,True,True,True,1,1,1,1,28,28,1118.6199850368048,1118.6199850368048,0.0,True,29.614632455882425,29.614632126474515,1.11231470191993e-08,True,True
F059,Fusion360Gallery,True,True,True,1,1,1,1,4,4,4417.864669110648,4417.864669110648,0.0,True,33.93468024749902,33.934679901245566,1.0203527726648416e-08,True,True
F060,Fusion360Gallery,True,True,True,1,1,1,1,12,12,699.9822989383965,699.9822989383965,0.0,True,22.649503614869797,22.64950330581225,1.364522387815362e-08,True,True
F061,Fusion360Gallery,True,True,True,1,1,1,1,3,3,4833.2194670612025,4833.2194670612025,0.0,True,32.19761501550057,32.197614671471264,1.0684931249031285e-08,True,True
F062,Fusion360Gallery,True,True,True,1,1,1,1,6,6,116.39553664015727,116.39553664015727,0.0,True,21.054298520321268,21.054298259937312,1.236725868226e-08,True,True
F063,Fusion360Gallery,True,True,True,1,1,1,1,178,178,92.7562867855462,92.7562867855462,0.0,True,21.94075688406328,21.940756613973036,1.2309978408263298e-08,True,True
F064,Fusion360Gallery,True,True,True,1,1,1,1,14,14,34.16680263465574,34.16680263465574,0.0,True,20.30065128574862,20.300651047204777,1.1750551293919564e-08,True,True
F065,Fusion360Gallery,True,True,True,1,1,1,1,12,12,611.9334440408837,611.9334440408837,0.0,True,23.828947265537458,23.828946953778512,1.3083202639885822e-08,True,True
F066,Fusion360Gallery,True,True,True,1,1,1,1,10,10,212.5194359974769,212.5194359974769,0.0,True,28.289299402031464,28.28929911546846,1.012973140000346e-08,True,True
F067,Fusion360Gallery,True,True,True,1,1,1,1,6,6,2938.5485194967346,2938.5485194967346,0.0,True,26.342254692904568,26.342254356988352,1.2751991796011636e-08,True,True
F068,Fusion360Gallery,True,True,True,1,1,1,1,3,3,251.32741228718345,251.32741228718345,0.0,True,20.784609960256653,20.784609690826528,1.2962962737739508e-08,True,True
F069,Fusion360Gallery,True,True,True,1,1,1,1,9,9,138.26560851258878,138.26560851258878,0.0,True,23.496951641279367,23.496951348131248,1.247600640236361e-08,True,True
F070,Fusion360Gallery,True,True,True,1,1,1,1,5,5,1434.2616771297244,1434.2616771297244,0.0,True,29.39387728866376,29.39387696206513,1.1111110916030381e-08,True,True
F071,Fusion360Gallery,True,True,True,1,1,1,1,8,8,223.19656042133528,223.19656042133528,0.0,True,20.73807970257296,20.73807943509571,1.2897879401125998e-08,True,True
F072,Fusion360Gallery,True,True,True,1,1,1,1,13,13,1946.3770953954518,1946.3770953954518,0.0,True,28.71677351099235,28.716773168733443,1.1918431828928906e-08,True,True
F073,Fusion360Gallery,True,True,True,1,1,1,1,10,10,95.99999999999456,95.99999999999456,0.0,True,23.36849189759578,23.368491607290352,1.2422942428016053e-08,True,True
F074,Fusion360Gallery,True,True,True,1,1,1,1,9,9,353.73717723703203,353.73717723703203,0.0,True,26.70148216402885,26.701472898433884,3.4700676569707344e-07,True,True
F075,Fusion360Gallery,True,True,True,1,1,1,1,11,11,394.3380711891853,394.3380711891853,0.0,True,27.082386928734042,27.082386635466463,1.0828719783149036e-08,True,True
F076,Fusion360Gallery,True,True,True,1,1,1,1,13,13,234.96235186393136,234.96235186393136,0.0,True,22.591311613637867,22.591311315166607,1.3211772085491483e-08,True,True
F077,Fusion360Gallery,True,True,True,1,1,1,1,10,10,1465.7232646192572,1465.7232646192572,0.0,True,25.22295290643024,25.222952575576254,1.311717891292267e-08,True,True
F078,Fusion360Gallery,True,True,True,1,1,1,1,6,6,292.91338582676207,292.91338582676207,0.0,True,22.306532746446592,22.306532466136066,1.2566297504697164e-08,True,True
F079,Fusion360Gallery,True,True,True,1,1,1,1,6,6,157.9717396698076,157.9717396698076,0.0,True,20.936059882518457,20.9360596175656,1.2655335224782833e-08,True,True
F080,Fusion360Gallery,True,True,True,1,1,1,1,5,5,1338.2813156438579,1338.2813156438579,0.0,True,24.04281030385117,24.042809980503208,1.3448842196599596e-08,True,True
F081,Fusion360Gallery,True,True,True,1,1,1,1,5,5,1984.5012897171919,1984.5012897171919,0.0,True,31.803823245617547,31.803822919172056,1.0264347420192248e-08,True,True
F082,Fusion360Gallery,True,True,True,1,1,1,1,4,4,3105.531944865853,3105.531944865853,0.0,True,32.20649502074579,32.206494689783426,1.0276261507381187e-08,True,True
F083,Fusion360Gallery,True,True,True,1,1,1,1,5,5,2.280623792269303,2.280623792269303,0.0,True,20.118207692462494,20.11813764409735,3.4818392481316847e-06,False,True
F084,Fusion360Gallery,True,True,True,1,1,1,1,14,14,1187.6359649151984,1187.6359649151984,0.0,True,23.833373520302015,23.83337319876619,1.3490990910142007e-08,True,True
F085,Fusion360Gallery,True,True,True,1,1,1,1,11,11,1.3524595363435097,1.3524595363435097,0.0,True,20.148968693386863,20.148968469029413,1.1134934664188383e-08,True,True
F086,Fusion360Gallery,True,True,True,1,1,1,1,3,3,1083.3078115826856,1083.3078115826856,0.0,True,28.49369445684848,28.493694151880824,1.0702987530217809e-08,True,True
F087,Fusion360Gallery,True,True,True,1,1,1,1,7,7,899.3891054680308,899.3891054680308,0.0,True,23.666660484360573,23.66666016412327,1.3531157121935489e-08,True,True
F088,Fusion360Gallery,True,True,True,1,1,1,1,20,20,109.0418166667196,109.0418166667196,0.0,True,24.66243567797808,24.662435391296793,1.1624208258637916e-08,True,True
F089,Fusion360Gallery,True,True,True,1,1,1,1,8,8,792.6366976764368,792.6366976764368,0.0,True,31.725968196512135,31.725966674558588,4.797185500769434e-08,True,True
F090,Fusion360Gallery,True,True,True,1,1,1,1,25,25,858.158914595529,858.158914595529,0.0,True,30.25378648641047,30.253734993343922,1.7020370845102654e-06,False,True
F091,Fusion360Gallery,True,True,True,1,1,1,1,26,26,410.19308611956853,410.19308611956853,0.0,True,21.180663596885548,21.18066331857808,1.3139695386082338e-08,True,True
F092,Fusion360Gallery,True,True,True,1,1,1,1,6,6,163.26530612248996,163.26530612248996,0.0,True,21.28967650112107,21.2896762321067,1.2635906802098617e-08,True,True
F093,Fusion360Gallery,True,True,True,1,1,1,1,6,6,292.72083478893427,292.72083478893427,0.0,True,24.32047770074725,24.32047737534532,1.3379750808441173e-08,True,True
F094,Fusion360Gallery,True,True,True,1,1,1,1,32,32,506.1253807161572,506.1253807161572,0.0,True,29.30486313168176,29.30161728897475,0.00011076123073581467,False,True
F095,Fusion360Gallery,True,True,True,1,1,1,1,16,16,149.54552340335087,149.54552340335087,0.0,True,28.30365395112297,28.29559821779573,0.0002846181394512105,False,True
F096,Fusion360Gallery,True,True,True,1,1,1,1,16,16,899.9653141970689,899.9653141970689,0.0,True,25.365220932457646,25.365220611303716,1.2661191912003898e-08,True,True
F097,Fusion360Gallery,True,True,True,1,1,1,1,6,6,639.9999999999999,639.9999999999999,0.0,True,21.908902592325344,21.908902300206645,1.3333333231863642e-08,True,True
F098,Fusion360Gallery,True,True,True,1,1,1,1,6,6,121.52308938698357,121.52308938698357,0.0,True,22.272970898357855,22.27297062534778,1.2257461048236144e-08,True,True
F099,Fusion360Gallery,True,True,True,1,1,1,1,120,120,9.429856666740623,9.429856666740623,0.0,True,20.13493501805985,20.1347053805716,1.1404928202837875e-05,False,True
F100,Fusion360Gallery,True,True,True,1,1,1,1,22,22,8.485324685533529,8.485324685533529,0.0,True,20.190970645102745,20.169862475116865,0.001045426213375196,False,True
F101,Fusion360Gallery,True,True,True,1,1,1,1,8,8,2946.9178811442243,2946.9178811442243,0.0,True,30.985902335447832,30.985901991773993,1.1091296806154965e-08,True,True
F102,Fusion360Gallery,True,True,True,1,1,1,1,18,18,23.752868027704285,23.752868027704285,0.0,True,22.094862962372204,22.09486268329245,1.263097913574839e-08,True,True
F103,Fusion360Gallery,True,True,True,1,1,1,1,42,42,493.83576949181145,493.83576949181145,0.0,True,24.252311695679815,24.25231139677636,1.2324740776335929e-08,True,True
F104,Fusion360Gallery,True,True,True,1,1,1,1,6,6,117.33333333333324,117.33333333333324,0.0,True,24.80465934331245,24.80465906056987,1.139876904620534e-08,True,True
F105,Fusion360Gallery,True,True,True,1,1,1,1,24,24,867.2975996580939,867.2975996580939,0.0,True,24.36490149794997,24.364901172236703,1.3368133918516682e-08,True,True
F106,Fusion360Gallery,True,True,True,1,1,1,1,5,5,329.8849448700132,329.8849448700132,0.0,True,23.12962371523653,23.129623418138774,1.2844902270449327e-08,True,True
F107,Fusion360Gallery,True,True,True,1,1,1,1,10,10,533.8813770407415,533.8813770407415,0.0,True,23.653057631609965,23.653057311506377,1.3533285762296925e-08,True,True
F108,Fusion360Gallery,True,True,True,1,1,1,1,4,4,35.348228084268044,35.348228084268044,0.0,True,28.289530517124863,28.2895302304785,1.0132595222263714e-08,True,True
F109,Fusion360Gallery,True,True,True,1,1,1,1,26,26,1712.5118412556872,1712.5118412556872,0.0,True,26.01641214316229,26.01641181388772,1.2656417359342903e-08,True,True
F110,Fusion360Gallery,True,True,True,1,1,1,1,4,4,1648.0949500447862,1648.0949500447862,0.0,True,26.07276943439031,26.072769099516687,1.2843807137865073e-08,True,True
F111,Fusion360Gallery,True,True,True,1,1,1,1,16,16,444.4444444444413,444.4444444444413,0.0,True,29.668955721094182,29.66895538404154,1.136044850184763e-08,True,True
F112,Fusion360Gallery,True,True,True,1,1,1,1,5,5,428.6266747726259,428.6266747726259,0.0,True,23.545072997082624,23.545072677941334,1.3554482903281647e-08,True,True
F113,Fusion360Gallery,True,True,True,1,1,1,1,44,44,114.32574924110057,114.32574924110057,0.0,True,20.649112662282825,20.64911240468041,1.2475229326123515e-08,True,True
F114,Fusion360Gallery,True,True,True,1,1,1,1,8,8,926.9975233080991,926.9975233080991,0.0,True,26.883020346366237,26.883020040064764,1.1393863826599467e-08,True,True
F115,Fusion360Gallery,True,True,True,1,1,1,1,17,17,133.50918326117628,133.50918326117628,0.0,True,20.978491880661217,20.978491608996546,1.29496759227735e-08,True,True
F116,Fusion360Gallery,True,True,True,1,1,1,1,19,19,0.0024422159755995952,0.0024422159755995952,0.0,True,20.261714863454795,20.261714633993815,1.1324854857597705e-08,True,True
F117,Fusion360Gallery,True,True,True,1,1,1,1,3,3,7.859670096960547,7.859670096960547,0.0,True,304.1944503765572,304.19445013866465,7.820410589639008e-10,True,True
F118,Fusion360Gallery,True,True,True,1,1,1,1,6,6,35.555555555555586,35.555555555555586,0.0,True,20.088692456758412,20.088692231092484,1.123348018275208e-08,True,True
F119,Fusion360Gallery,True,True,True,1,1,1,1,11,11,208.80160901337504,208.80160901337504,0.0,True,22.055768735820678,22.05576843529602,1.3625671415192737e-08,True,True
F120,Fusion360Gallery,True,True,True,1,1,1,1,10,10,125.16251249901137,125.16251249901137,0.0,True,28.286041793334064,28.286041508271513,1.0077852299890576e-08,True,True
F121,Fusion360Gallery,True,True,True,1,1,1,1,18,18,669.6874604262729,669.6874604262729,0.0,True,21.937411228408088,21.93741093211059,1.3506493253702415e-08,True,True
F122,Fusion360Gallery,True,True,True,1,1,1,1,4,4,3.9400640099171715,3.9400640099171715,0.0,True,20.015671087631475,20.015670877172138,1.0514727992254064e-08,True,True
F123,Fusion360Gallery,True,True,True,1,1,1,1,12,12,27.843924525666754,27.843924525666754,0.0,True,20.826444496327817,20.821290007580092,0.0002474972983810572,False,True
F124,Fusion360Gallery,True,True,True,1,1,1,1,4,4,326.00356671867917,326.00356671867917,0.0,True,28.512801638693286,28.51280133284642,1.072665084643282e-08,True,True
F125,Fusion360Gallery,True,True,True,1,1,1,1,18,18,45.326337177153825,45.326337177153825,0.0,True,20.527038677415508,20.527038418869225,1.2595400978808265e-08,True,True
F126,Fusion360Gallery,True,True,True,1,1,1,1,12,12,179.6881306106388,179.6881306106388,0.0,True,22.32683870623981,22.32683840634727,1.3431930127481349e-08,True,True
F127,Fusion360Gallery,True,True,True,1,1,1,1,85,85,189.62569188229153,189.62569188229153,0.0,True,23.25532988772397,23.25532960609839,1.2110152076172369e-08,True,True
F128,Fusion360Gallery,True,True,True,1,1,1,1,102,102,114.1653173366888,114.1653173366888,0.0,True,27.656974870530796,27.65697458198181,1.0433136196020398e-08,True,True
F129,Fusion360Gallery,True,True,True,1,1,1,1,6,6,6.894386916198951,6.894386916198951,0.0,True,20.019803935006195,20.01980372304242,1.0587704904446439e-08,True,True
F130,Fusion360Gallery,True,True,True,1,1,1,1,4,4,308.1850904864959,308.1850904864959,0.0,True,26.788931254492518,26.78893095556118,1.1158763062747196e-08,True,True
F131,Fusion360Gallery,True,True,True,1,1,1,1,38,38,640.3404667264258,640.3404667264258,0.0,True,29.247384301393684,29.247383969649302,1.1342702577443684e-08,True,True
F132,Fusion360Gallery,True,True,True,1,1,1,1,1,1,1143.4351254126034,1143.4351254126034,0.0,True,29.011140406965307,29.011140086720115,1.1038697122901706e-08,True,True
F133,Fusion360Gallery,True,True,True,1,1,1,1,32,32,3.560793619112402,3.560793619112402,0.0,True,23.711919376497985,23.71191909999528,1.1660916141366365e-08,True,True
F134,Fusion360Gallery,True,True,True,1,1,1,1,10,10,40.638681854491374,40.638681854491374,0.0,True,20.928873884905183,20.928873631298973,1.2117527737271064e-08,True,True
F135,Fusion360Gallery,True,True,True,1,1,1,1,5,5,1936.348193272821,1936.348193272821,0.0,True,26.254090553099584,26.25409021750875,1.2782420806613984e-08,True,True
F136,Fusion360Gallery,True,True,True,1,1,1,1,25,25,894.7559610345638,894.7559610345638,0.0,True,23.425634359051354,23.425634048591142,1.3253011954619108e-08,True,True
F137,Fusion360Gallery,True,True,True,1,1,1,1,6,6,679.5061728395075,679.5061728395075,0.0,True,22.44884474819128,22.448844453199605,1.3140617205035993e-08,True,True
F138,Fusion360Gallery,True,True,True,1,1,1,1,70,70,362.23114339536323,362.23114339536323,0.0,True,21.279164935366893,21.279164651130067,1.3357517879068563e-08,True,True
F139,Fusion360Gallery,True,True,True,1,1,1,1,15,15,857.3959394667917,857.3959394667917,0.0,True,22.110832237214005,22.11083193570266,1.3636363499737276e-08,True,True
F140,Fusion360Gallery,True,True,True,1,1,1,1,6,6,401.87249210729647,401.87249210729647,0.0,True,21.96936672658879,21.96936642747099,1.3615221798292644e-08,True,True
F141,Fusion360Gallery,True,True,True,1,1,1,1,6,6,1472.199147611243,1472.199147611243,0.0,True,29.819805581375334,29.819805237442505,1.1533704602630424e-08,True,True
F142,Fusion360Gallery,True,True,True,1,1,1,1,34,34,348.12638062444677,348.12638062444677,0.0,True,29.04922943290953,29.049229093168307,1.1695360952104213e-08,True,True
F143,Fusion360Gallery,True,True,True,1,1,1,1,3,3,1810.0421167275044,1810.0421167275044,0.0,True,27.494387609502425,27.494387269934,1.2350463357587122e-08,True,True
F144,Fusion360Gallery,True,True,True,1,1,1,1,6,6,1308.7078354974774,1308.7078354974774,0.0,True,25.953511413261463,25.95351109911075,1.210436265555347e-08,True,True
F145,Fusion360Gallery,True,True,True,1,1,1,1,12,12,211.59741819408782,211.59741819408782,0.0,True,26.10197710105737,26.101976808557872,1.1206028397432327e-08,True,True
F146,Fusion360Gallery,True,True,True,1,1,1,1,12,12,1377.420546004208,1377.420546004208,0.0,True,30.772814617225453,30.762375673189155,0.00033922616979128426,False,True
F147,Fusion360Gallery,True,True,True,1,1,1,1,11,11,55.42282343106754,55.42282343106754,0.0,True,23.9501800921088,23.95017977199986,1.3365617178508265e-08,True,True
F148,Fusion360Gallery,True,True,True,1,1,1,1,15,15,3.258912751355641,3.258912751355641,0.0,True,20.11341780523326,20.113399354667504,9.173262315014191e-07,True,True
F149,Fusion360Gallery,True,True,True,1,1,1,1,4,4,278.63844684158846,278.63844684158846,0.0,True,28.63853947208737,28.638539160369664,1.088455317959258e-08,True,True
F150,Fusion360Gallery,True,True,True,1,1,1,1,4,4,507.42502797957474,507.42502797957474,0.0,True,28.565714022233017,28.5657137141714,1.0784313498643938e-08,True,True
F151,Fusion360Gallery,True,True,True,1,1,1,1,6,6,700,700.0,0.0,True,24.54078268108008,24.540782383616055,1.2121211886744032e-08,True,True
F152,Fusion360Gallery,True,True,True,1,1,1,1,5,5,1499.6903202321628,1499.6903202321628,0.0,True,27.487371177000952,27.487370837451078,1.2352941001638318e-08,True,True
F153,Fusion360Gallery,True,True,True,1,1,1,1,231,231,137.48630819090636,137.48630819090636,0.0,True,25.461375058391354,25.46088623792048,1.9198510282855773e-05,False,True
F154,Fusion360Gallery,True,True,True,1,1,1,1,15,15,44.24419288070951,44.24419288070951,0.0,True,20.16542240905546,20.165422174541746,1.1629496698873091e-08,True,True
F155,Fusion360Gallery,True,True,True,1,1,1,1,28,28,239.0737408942683,239.0737408942683,0.0,True,24.27803071963619,24.278030428371753,1.1997037227163991e-08,True,True
F156,Fusion360Gallery,True,True,True,1,1,1,1,3,3,104.71975511966,104.71975511966,0.0,True,28.286235649948978,28.28623536476905,1.0081932887011811e-08,True,True
F157,Fusion360Gallery,True,True,True,1,1,1,1,21,21,1140.6766245362105,1140.6766245362105,0.0,True,25.20715473036821,25.207154416374276,1.2456540075038082e-08,True,True
F158,Fusion360Gallery,True,True,True,1,1,1,1,10,10,4626.817277125061,4626.817277125061,0.0,True,33.39062550160007,33.39062515571631,1.0358708689172093e-08,True,True
F159,Fusion360Gallery,True,True,True,1,1,1,1,6,6,231.41592653589834,231.41592653589834,0.0,True,20.59298720158017,20.59298694000244,1.2702272176737664e-08,True,True
F160,Fusion360Gallery,True,True,True,1,1,1,1,6,6,991.7355371900844,991.7355371900844,0.0,True,22.63618139247559,22.636181087252243,1.3483870798385061e-08,True,True
F161,Fusion360Gallery,True,True,True,1,1,1,1,12,12,126.21283590272438,126.21283590272438,0.0,True,24.722600053904525,24.722573718121378,1.0652513525974135e-06,False,True
F162,Fusion360Gallery,True,True,True,1,1,1,1,7,7,3.683287254640776,3.683287254640776,0.0,True,20.041279931412973,20.04127971368055,1.0864197538058595e-08,True,True
F163,Fusion360Gallery,True,True,True,1,1,1,1,22,22,10.250326007677266,10.250326007677266,0.0,True,20.88027859555099,20.880278344915233,1.2003468073219846e-08,True,True
F164,Fusion360Gallery,True,True,True,1,1,1,1,3,3,8.61483885265142,8.61483885265142,0.0,True,20.032300713267343,20.03230049753534,1.0769207580925856e-08,True,True
F165,Fusion360Gallery,True,True,True,1,1,1,1,266,266,69.39280285905119,69.39280285905119,0.0,True,22.86261127163859,22.862610996305534,1.2042939927662925e-08,True,True
F166,Fusion360Gallery,True,True,True,1,1,1,1,15,15,652.6397699908055,652.6397699908055,0.0,True,34.6410164977877,34.64101615137755,9.999999680072093e-09,True,True
F167,Fusion360Gallery,True,True,True,1,1,1,1,3,3,1678.810954115038,1678.810954115038,0.0,True,28.95706876349751,28.957068423019212,1.1758037416724913e-08,True,True
F168,Fusion360Gallery,True,True,True,1,1,1,1,6,6,0.01136094674556214,0.01136094674556214,0.0,True,20.085026583425968,20.085026365886186,1.083094318248964e-08,True,True
F169,Fusion360Gallery,True,True,True,1,1,1,1,5,5,1146.4396315736192,1146.4396315736192,0.0,True,24.112360135637033,24.11235981175651,1.3432136976885347e-08,True,True
F170,Fusion360Gallery,True,True,True,1,1,1,1,5,5,140.82557216715193,140.82557216715193,0.0,True,20.44504855460119,20.445048300260872,1.244019142417436e-08,True,True
F171,Fusion360Gallery,True,True,True,1,1,1,1,3,3,15.70796326794897,15.70796326794897,0.0,True,20.049937875215477,20.049937655763422,1.0945273552281884e-08,True,True
F172,Fusion360Gallery,True,True,True,1,1,1,1,94,94,15.598700565612866,15.598700565612866,0.0,True,24.196271380499788,24.19627106823863,1.2905342003539928e-08,True,True
F173,Fusion360Gallery,True,True,True,1,1,1,1,129,129,582.7117861502188,582.7117861502188,0.0,True,23.743190041937947,23.743159873708912,1.2706055497013103e-06,False,True
F174,Fusion360Gallery,True,True,True,1,1,1,1,6,6,0.8521443928996323,0.8521443928996323,0.0,True,25.270545142519484,25.270544861960005,1.110223297780721e-08,True,True
F175,Fusion360Gallery,True,True,True,1,1,1,1,26,26,130.1863779958546,130.1863779958546,0.0,True,21.563733052689315,21.563732762142998,1.3473841331727763e-08,True,True
F176,Fusion360Gallery,True,True,True,1,1,1,1,3,3,251.32741228718322,251.32741228718322,0.0,True,28.295582982508066,28.29558269412383,1.0191846401645426e-08,True,True
F177,Fusion360Gallery,True,True,True,1,1,1,1,6,6,528.7227508715662,528.7227508715662,0.0,True,28.598940993965694,28.59894068464816,1.0815698917181162e-08,True,True
F178,Fusion360Gallery,True,True,True,1,1,1,1,15,15,105.97497640967083,105.97497640967083,0.0,True,22.179441391369824,22.179441088753347,1.3644008084533318e-08,True,True
F179,Fusion360Gallery,True,True,True,1,1,1,1,20,20,14.028195404339236,14.028195404339236,0.0,True,20.200709099318214,20.199621167925592,5.385609917319552e-05,False,True
F180,Fusion360Gallery,True,True,True,1,1,1,1,14,14,20.871985157699516,20.871985157699516,0.0,True,20.25979252366719,20.25979229097548,1.1485394579481474e-08,True,True
F181,Fusion360Gallery,True,True,True,1,1,1,1,36,36,1301.4915257759403,1301.4915257759403,0.0,True,28.79400868741941,28.7940083676967,1.1103792883561613e-08,True,True
F182,Fusion360Gallery,True,True,True,1,1,1,1,16,16,1035.3168965297568,1035.3168965297568,0.0,True,30.7245833299656,30.72458299147443,1.101694905609763e-08,True,True
F183,Fusion360Gallery,True,True,True,1,1,1,1,11,11,649.5242811296897,649.5242811296897,0.0,True,26.465475099943657,26.46547479712598,1.1441988998564597e-08,True,True
F184,Fusion360Gallery,True,True,True,1,1,1,1,9,9,4243.083955901124,4243.083955901124,0.0,True,31.272991887569695,31.272991542223778,1.104294460977843e-08,True,True
F185,Fusion360Gallery,True,True,True,1,1,1,1,8,8,601.1383345784594,601.1383345784594,0.0,True,23.64100218547042,23.641001884122097,1.27468505747606e-08,True,True
F186,Fusion360Gallery,True,True,True,1,1,1,1,4,4,2793.6241075963385,2793.6241075963385,0.0,True,28.089098932196038,28.08909859119143,1.2140104902814636e-08,True,True
F187,Fusion360Gallery,True,True,True,1,1,1,1,18,18,654.5717849696235,654.5717849696235,0.0,True,23.241007004403013,23.241006708291867,1.2740891399993857e-08,True,True
F188,Fusion360Gallery,True,True,True,1,1,1,1,3,3,278.4791271880157,278.4791271880157,0.0,True,20.867608274077135,20.86760800168317,1.3053434853865698e-08,True,True
F189,Fusion360Gallery,True,True,True,1,1,1,1,3,3,481.8919171116837,481.8919171116837,0.0,True,28.349270998625663,28.349270702895783,1.0431657297644943e-08,True,True
F190,Fusion360Gallery,True,True,True,1,1,1,1,10,10,1285.50437317784,1285.50437317784,0.0,True,32.4961539632,32.496153618543836,1.0606060191968366e-08,True,True
F191,Fusion360Gallery,True,True,True,1,1,1,1,8,8,1880.875007231786,1880.875007231786,0.0,True,29.123960929464758,29.123960595305167,1.1473700005093404e-08,True,True
F192,Fusion360Gallery,True,True,True,1,1,1,1,8,8,377.61385569086593,377.61385569086593,0.0,True,31.128733574538018,31.12873326016936,1.0098986467012675e-08,True,True
F193,Fusion360Gallery,True,True,True,1,1,1,1,16,16,0.9051885691051562,0.9051885691051562,0.0,True,20.42231164826442,20.422311409928597,1.1670364564698208e-08,True,True
F194,Fusion360Gallery,True,True,True,1,1,1,1,6,6,6.354783574935771,6.354783574935771,0.0,True,23.378482843160384,23.378482565155497,1.1891485368486288e-08,True,True
F195,Fusion360Gallery,True,True,True,1,1,1,1,6,6,690.7019431172404,690.7019431172404,0.0,True,24.074520130585636,24.074519833435573,1.234292775790189e-08,True,True
F196,Fusion360Gallery,True,True,True,1,1,1,1,3,3,133.68479376977808,133.68479376977808,0.0,True,28.287472378789978,28.287472092970646,1.0104095863310516e-08,True,True
F197,Fusion360Gallery,True,True,True,1,1,1,1,23,23,7.1087539856977475,7.1087539856977475,0.0,True,22.826202040256376,22.82620176826645,1.1915689049515259e-08,True,True
F198,Fusion360Gallery,True,True,True,1,1,1,1,3,3,555.6069946267075,555.6069946267075,0.0,True,21.88653515730246,21.88653485966349,1.35991817494956e-08,True,True
F199,Fusion360Gallery,True,True,True,1,1,1,1,23,23,429.8435016682813,429.8435016682813,0.0,True,22.33305838149161,22.333056935824203,6.473217341359055e-08,True,True
F200,Fusion360Gallery,True,True,True,1,1,1,1,14,14,561.3017263115441,561.3017263115441,0.0,True,30.13038765190595,30.130387317462088,1.1099885766939121e-08,True,True
F201,Fusion360Gallery,True,True,True,1,1,1,1,4,4,204.32431993542335,204.32431993542335,0.0,True,20.644793544743134,20.644793280852678,1.2782421659082138e-08,True,True
F202,Fusion360Gallery,True,True,True,1,1,1,1,10,10,572.9491193791661,572.9491193791661,0.0,True,23.468276754802435,23.4682764599363,1.2564456262446717e-08,True,True
F203,Fusion360Gallery,True,True,True,1,1,1,1,19,19,217.7039897786566,217.7039897786566,0.0,True,27.106457109699896,27.106456795383643,1.1595622834551484e-08,True,True
F204,Fusion360Gallery,True,True,True,1,1,1,1,20,20,1007.5306685864804,1007.5306685864804,0.0,True,24.219243883548977,24.20606426027387,0.0005441797992735623,False,True
F205,Fusion360Gallery,True,True,True,1,1,1,1,18,18,2053.9940698332252,2053.9940698332252,0.0,True,25.333333659649103,25.333333333333318,1.288088608643957e-08,True,True
F206,Fusion360Gallery,True,True,True,1,1,1,1,3,3,1047.1975511965934,1047.1975511965934,0.0,True,28.48001278869875,28.48001248439177,1.0684931284008209e-08,True,True
F207,Fusion360Gallery,True,True,True,1,1,1,1,14,14,1818.041211890225,1818.041211890225,0.0,True,27.812987473904855,27.8129871498823,1.1650044960805706e-08,True,True
F208,Fusion360Gallery,True,True,True,1,1,1,1,3,3,334.6075015657775,334.6075015657775,0.0,True,21.038145402771743,21.038145124888224,1.3208555865648857e-08,True,True
F209,Fusion360Gallery,True,True,True,1,1,1,1,8,8,1536.6824314723542,1536.6824314723542,0.0,True,26.569949837770437,26.569949501020783,1.2674079401572664e-08,True,True
F210,Fusion360Gallery,True,True,True,1,1,1,1,11,11,2591.0887062195575,2591.0887062195575,0.0,True,26.74078790382781,26.740787568592886,1.2536463910262657e-08,True,True
F211,Fusion360Gallery,True,True,True,1,1,1,1,54,54,1528.4550707235205,1528.4550707235205,0.0,True,30.435845790623194,30.435426747509077,1.3768078501917538e-05,False,True
F212,Fusion360Gallery,True,True,True,1,1,1,1,14,14,15.746776740764094,15.746776740764094,0.0,True,20.092760322358313,20.09276009613481,1.125895588878137e-08,True,True
F213,Fusion360Gallery,True,True,True,1,1,1,1,6,6,15.038615296898335,15.038615296898335,0.0,True,20.277542270907613,20.277542038203542,1.1475950488215615e-08,True,True
F214,Fusion360Gallery,True,True,True,1,1,1,1,22,22,63.49813347074642,63.49813347074642,0.0,True,23.876678377531075,23.87667808961982,1.2058262509251895e-08,True,True
F215,Fusion360Gallery,True,True,True,1,1,1,1,7,7,1168.571868531521,1168.571868531521,0.0,True,29.86904785626753,29.869047524151153,1.1119081546922986e-08,True,True
F216,Fusion360Gallery,True,True,True,1,1,1,1,6,6,995.5555555555537,995.5555555555537,0.0,True,23.14207358230651,23.142073276946373,1.3195020502967795e-08,True,True
F217,Fusion360Gallery,True,True,True,1,1,1,1,8,8,43.54486138229609,43.54486138229609,0.0,True,22.320756339986833,22.32075606770323,1.2198672818991808e-08,True,True
F218,Fusion360Gallery,True,True,True,1,1,1,1,8,8,1589.6632753211834,1589.6632753211834,0.0,True,26.321852665206816,26.321852329364223,1.2759078820114029e-08,True,True
F219,Fusion360Gallery,True,True,True,1,1,1,1,18,18,90.95169600454838,90.95169600454838,0.0,True,25.162697055291613,25.16269677081063,1.1305663385191406e-08,True,True
F220,Fusion360Gallery,True,True,True,1,1,1,1,10,10,13.83602860494782,13.83602860494782,0.0,True,27.013602616096502,27.01360233269705,1.0490990612738584e-08,True,True
F221,Fusion360Gallery,True,True,True,1,1,1,1,44,44,977.8766576483204,977.8766576483204,0.0,True,26.76632630211865,26.748175462181624,0.0006781221947364682,False,True
F222,Fusion360Gallery,True,True,True,1,1,1,1,3,3,135.88203518987038,135.88203518987038,0.0,True,20.42794772891357,20.427947475512163,1.2404643378154049e-08,True,True
F223,Fusion360Gallery,True,True,True,1,1,1,1,22,22,703.9999999999998,703.9999999999998,0.0,True,23.664319436653994,23.664319132398465,1.2857142586748518e-08,True,True
F224,Fusion360Gallery,True,True,True,1,1,1,1,28,28,433.3910135706514,433.3910135706514,0.0,True,24.476746811026967,24.476746484968345,1.332115842016936e-08,True,True
F225,Fusion360Gallery,True,True,True,1,1,1,1,6,6,7.680000000000001,7.680000000000001,0.0,True,20.568092034799925,20.568091792871794,1.1762303010534569e-08,True,True
F226,Fusion360Gallery,True,True,True,1,1,1,1,5,5,231.55506398608134,231.55506398608134,0.0,True,21.21320371843914,21.213203435596427,1.3333333171202527e-08,True,True
F227,Fusion360Gallery,True,True,True,1,1,1,1,9,9,3624.653190813282,3624.653190813282,0.0,True,33.223461800876734,33.223461462551754,1.0183315107357732e-08,True,True
F228,Fusion360Gallery,True,True,True,1,1,1,1,14,14,265.35766972767095,265.35766972767095,0.0,True,20.805982314923014,20.805982045769646,1.2936345132074279e-08,True,True
F229,Fusion360Gallery,True,True,True,1,1,1,1,3,3,63.39812787394759,63.39812787394759,0.0,True,23.361186448122318,23.361186166855827,1.2039906090018649e-08,True,True
F230,Fusion360Gallery,True,True,True,1,1,1,1,24,24,0.8079625006463625,0.8079625006463625,0.0,True,25.94993791731436,25.949937635692287,1.0852514402571592e-08,True,True
F231,Fusion360Gallery,True,True,True,1,1,1,1,150,150,553.9524843218787,553.9524843218787,0.0,True,29.927253495795014,29.927253162381767,1.114079002538891e-08,True,True
F232,Fusion360Gallery,True,True,True,1,1,1,1,6,6,17.12926796114896,17.12926796114896,0.0,True,20.53647099562719,20.53647075114308,1.1904874476918062e-08,True,True
F233,Fusion360Gallery,True,True,True,1,1,1,1,13,13,237.86367235123413,237.86367235123413,0.0,True,23.203627282959566,23.203626968607086,1.3547557725048683e-08,True,True
F234,Fusion360Gallery,True,True,True,1,1,1,1,164,164,1371.8981919161254,1371.8981919161254,0.0,True,26.718005290885824,26.71800495586044,1.2539311216838309e-08,True,True
F235,Fusion360Gallery,True,True,True,1,1,1,1,27,27,396.5203685271765,396.5203685271765,0.0,True,27.42663843947871,27.426638104922418,1.2198224529695623e-08,True,True
F236,Fusion360Gallery,True,True,True,1,1,1,1,291,291,144.0558974096342,144.0558974096342,0.0,True,23.663561084632637,23.659945374181255,0.00015279654818011666,False,True
F237,Fusion360Gallery,True,True,True,1,1,1,1,19,19,2125.4669505920647,2125.4669505920647,0.0,True,25.221243313150403,25.221242982741103,1.3100436636596906e-08,True,True
F238,Fusion360Gallery,True,True,True,1,1,1,1,7,7,103.58248688237018,103.58248688237018,0.0,True,22.841459353405803,22.841459072811023,1.2284450615442826e-08,True,True
F239,Fusion360Gallery,True,True,True,1,1,1,1,14,14,1648.4266271214306,1648.4266271214306,0.0,True,30.000014710370227,30.000014377036916,1.1111104924233281e-08,True,True
F240,Fusion360Gallery,True,True,True,1,1,1,1,12,12,33.502422862769976,33.502422862769976,0.0,True,20.682241478019304,20.682241223832982,1.2290076104120594e-08,True,True
F241,Fusion360Gallery,True,True,True,1,1,1,1,11,11,1037.17717516944,1037.17717516944,0.0,True,25.373566071289194,25.364130924889366,0.00037184944257809033,False,True
F242,Fusion360Gallery,True,True,True,1,1,1,1,13,13,357.0796326794887,357.0796326794887,0.0,True,22.561028637896875,22.56102834535702,1.2966600953627386e-08,True,True
F243,Fusion360Gallery,True,True,True,1,1,1,1,62,62,1349.7330362801429,1349.7330362801429,0.0,True,29.780308604546583,29.780308263245132,1.1460641850064987e-08,True,True
F244,Fusion360Gallery,True,True,True,1,1,1,1,14,14,292.6457478629101,292.6457478629101,0.0,True,25.94706177970832,25.947061490658246,1.1139992535429322e-08,True,True
F245,Fusion360Gallery,True,True,True,1,1,1,1,6,6,140.82735468017782,140.82735468017782,0.0,True,22.646915909611785,22.646915633477953,1.2192999406473013e-08,True,True
F246,Fusion360Gallery,True,True,True,1,1,1,1,5,5,4188.790204786391,4188.790204786391,0.0,True,33.88517528685648,33.88517494062688,1.021773076130322e-08,True,True
F247,Fusion360Gallery,True,True,True,1,1,1,1,9,9,248.81071222461065,248.81071222461065,0.0,True,23.883346214191658,23.88334589211334,1.3485477072821475e-08,True,True
F248,Fusion360Gallery,True,True,True,1,1,1,1,16,16,36.16402975990389,36.16402975990389,0.0,True,21.682586195331965,21.65803576378677,0.0011322649117603567,False,True
F249,Fusion360Gallery,True,True,True,1,1,1,1,14,14,543.8186877935925,543.8186877935925,0.0,True,27.534418055105505,27.534417755227853,1.0891011061112327e-08,True,True
F250,Fusion360Gallery,True,True,True,1,1,1,1,3,3,1897.5616012318321,1897.5616012318321,0.0,True,28.922018301003863,28.922017982629633,1.1008022565266885e-08,True,True
F251,Fusion360Gallery,True,True,True,1,1,1,1,43,43,465.01271143158186,465.01271143158186,0.0,True,26.79210057387586,26.79210023795595,1.2538020661289209e-08,True,True
F252,Fusion360Gallery,True,True,True,1,1,1,1,6,6,81.63265306122453,81.63265306122453,0.0,True,21.764561946976198,21.764561680050363,1.2264241061912251e-08,True,True
F253,Fusion360Gallery,True,True,True,1,1,1,1,38,38,12.455777524207223,12.455777524207223,0.0,True,20.42057810151319,20.42057785666214,1.199040743200024e-08,True,True
F254,Fusion360Gallery,True,True,True,1,1,1,1,14,14,45.55497341883773,45.55497341883773,0.0,True,22.538694721664434,22.538694450039216,1.2051506161827807e-08,True,True
F255,Fusion360Gallery,True,True,True,1,1,1,1,7,7,2647.208328423073,2647.208328423073,0.0,True,26.227643637356486,26.22764330542112,1.2655935436584705e-08,True,True
F256,Fusion360Gallery,True,True,True,1,1,1,1,10,10,1752.1471903417705,1752.1471903417705,0.0,True,28.68560627454243,28.68560593234013,1.192940791359496e-08,True,True
F257,Fusion360Gallery,True,True,True,1,1,1,1,4,4,194.3207864097992,194.3207864097992,0.0,True,28.827778869609467,28.827778553446166,1.096731396446606e-08,True,True
F258,Fusion360Gallery,True,True,True,1,1,1,1,6,6,599.976681643394,599.976681643394,0.0,True,28.984095604510205,28.984095287296622,1.0944401637678923e-08,True,True
F259,Fusion360Gallery,True,True,True,1,1,1,1,23,23,192.6075196616028,192.6075196616028,0.0,True,22.486281368668852,22.486281061503956,1.366010195945394e-08,True,True
F260,Fusion360Gallery,True,True,True,1,1,1,1,12,12,812.7360960594729,812.7360960594729,0.0,True,24.623512239254637,24.623511932344968,1.2464089860626286e-08,True,True
F261,Fusion360Gallery,True,True,True,1,1,1,1,26,26,1225.3064156503249,1225.3064156503249,0.0,True,26.568561650199822,26.568561336447154,1.1809170267530469e-08,True,True
F262,Fusion360Gallery,True,True,True,1,1,1,1,6,6,38.43164044710839,38.43164044710839,0.0,True,27.519722072940322,27.519721789473138,1.0300510419279767e-08,True,True
F263,Fusion360Gallery,True,True,True,1,1,1,1,13,13,0.6639999818737876,0.6639999818737876,0.0,True,20.002158967708265,20.002158763574453,1.0205588926962108e-08,True,True
F264,Fusion360Gallery,True,True,True,1,1,1,1,16,16,495.95748678157696,495.95748678157696,0.0,True,27.935172030645393,27.935171730543598,1.0742793906153042e-08,True,True
F265,Fusion360Gallery,True,True,True,1,1,1,1,8,8,2676.1671992924803,2676.1671992924803,0.0,True,33.24956875825903,33.22889566710512,0.0006217551663365438,False,True
F266,Fusion360Gallery,True,True,True,1,1,1,1,18,18,48.730763179822716,48.730763179822716,0.0,True,22.925620773202606,22.92562046046017,1.3641612564664525e-08,True,True
F267,Fusion360Gallery,True,True,True,1,1,1,1,8,8,93.98349867171387,93.98349867171387,0.0,True,24.732620025029295,24.73261974273739,1.141374845628226e-08,True,True
F268,Fusion360Gallery,True,True,True,1,1,1,1,9,9,755.2499955363791,755.2499955363791,0.0,True,27.349600488897526,27.34960016531887,1.1831202336332544e-08,True,True
F269,Fusion360Gallery,True,True,True,1,1,1,1,14,14,727.9240604979096,727.9240604979096,0.0,True,28.395525384290693,28.39552508486926,1.0544669604554842e-08,True,True
F270,Fusion360Gallery,True,True,True,1,1,1,1,32,32,60.7272332787952,60.7272332787952,0.0,True,20.576615183353084,20.557070713448084,0.0009498389181526763,False,True
F271,Fusion360Gallery,True,True,True,1,1,1,1,19,19,972.7305982834876,972.7305982834876,0.0,True,31.596631612502616,31.596631267241417,1.0927152090777919e-08,True,True
F272,Fusion360Gallery,True,True,True,1,1,1,1,18,18,717.7486037602087,717.7486037602087,0.0,True,30.716580514785875,30.71658021660367,9.707532520354322e-09,True,True
F273,Fusion360Gallery,True,True,True,1,1,1,1,6,6,3178.847399521928,3178.847399521928,0.0,True,29.192650117392194,29.192649790250975,1.120628711979192e-08,True,True
F274,Fusion360Gallery,True,True,True,1,1,1,1,4,4,158.80853740309493,158.80853740309493,0.0,True,28.29774263435806,28.297742345479517,1.0208536636759457e-08,True,True
F275,Fusion360Gallery,True,True,True,1,1,1,1,11,11,85.74613141189167,85.74613141189167,0.0,True,20.356361301633648,20.356361052466386,1.2240265210171523e-08,True,True
F276,Fusion360Gallery,True,True,True,1,1,1,1,13,13,529.1013234095421,529.1013234095421,0.0,True,23.652822052753834,23.65282175218417,1.2707560337209826e-08,True,True
F277,Fusion360Gallery,True,True,True,1,1,1,1,6,6,2895.3132923601925,2895.3132923601925,0.0,True,33.91046913074225,33.910468793330196,9.950085106505233e-09,True,True
F278,Fusion360Gallery,True,True,True,1,1,1,1,10,10,2353.0684958504826,2353.0684958504826,0.0,True,26.93046635689773,26.930466018990465,1.2547397381881198e-08,True,True
F279,Fusion360Gallery,True,True,True,1,1,1,1,134,134,292.90864399961066,292.90864399961066,0.0,True,21.725561301676045,21.725561007092168,1.3559321814572271e-08,True,True
F280,Fusion360Gallery,True,True,True,1,1,1,1,38,38,191.80779942206786,191.80779942206786,0.0,True,28.176079702294825,28.176079404389238,1.0572996299316881e-08,True,True
F281,Fusion360Gallery,True,True,True,1,1,1,1,14,14,69.46619265310595,69.46619265310595,0.0,True,22.565405894317713,22.565405621530438,1.2088737810100076e-08,True,True
F282,Fusion360Gallery,True,True,True,1,1,1,1,9,9,160.253166559874,160.253166559874,0.0,True,24.88290850451205,24.88150963620963,5.6218038263755984e-05,False,True
F283,Fusion360Gallery,True,True,True,1,1,1,1,59,59,110.82845541010445,110.82845541010445,0.0,True,21.21224968259973,21.21224941601187,1.2567637337323096e-08,True,True
F284,Fusion360Gallery,True,True,True,1,1,1,1,69,69,832.1698036946244,832.1698036946244,0.0,True,26.552593245221306,26.54942870061565,0.00011918024640497373,False,True
F285,Fusion360Gallery,True,True,True,1,1,1,1,21,21,1222.0409886133318,1222.0409886133318,0.0,True,27.885509836516583,27.88550952168663,1.1290091375500814e-08,True,True
F286,Fusion360Gallery,True,True,True,1,1,1,1,8,8,2044.7998263685256,2044.7998263685256,0.0,True,32.496153963200015,32.49615361854384,1.0606060410622771e-08,True,True
F287,Fusion360Gallery,True,True,True,1,1,1,1,6,6,44.801798221954925,44.801798221954925,0.0,True,23.688570131146225,23.688569852375558,1.1768150861429751e-08,True,True
F288,Fusion360Gallery,True,True,True,1,1,1,1,12,12,7.955607609870743,7.955607609870743,0.0,True,30.619887505136376,30.619887218651588,9.356167224469652e-09,True,True
F289,Fusion360Gallery,True,True,True,1,1,1,1,76,76,682.7195924554314,682.7195924554314,0.0,True,32.81565538632391,32.81565504112692,1.0519277780091418e-08,True,True
F290,Fusion360Gallery,True,True,True,1,1,1,1,29,29,1601.1462846325337,1601.1462846325337,0.0,True,30.98687630543667,30.969279667857386,0.000567873876857904,False,True
F291,Fusion360Gallery,True,True,True,1,1,1,1,17,17,5313.433368615619,5313.433368615619,0.0,True,33.25768634871024,33.25768600295307,1.0396308435162518e-08,True,True
F292,Fusion360Gallery,True,True,True,1,1,1,1,5,5,15.688929405258476,15.688929405258476,0.0,True,20.049937875215477,20.049937655763422,1.0945273552281884e-08,True,True
F293,Fusion360Gallery,True,True,True,1,1,1,1,14,14,978.5183227538627,978.5183227538627,0.0,True,28.408427463027866,28.4084271627433,1.0570263546060946e-08,True,True
F294,Fusion360Gallery,True,True,True,1,1,1,1,39,39,649.8554899404378,649.8554899404378,0.0,True,28.38591229747602,28.385911998736276,1.0524225508287924e-08,True,True
F295,Fusion360Gallery,True,True,True,1,1,1,1,42,42,146.04409768981236,146.04409768981236,0.0,True,28.292691112652243,28.292690825014816,1.0166492314939677e-08,True,True
F296,Fusion360Gallery,True,True,True,1,1,1,1,3,3,30.787608005179976,30.787608005179976,0.0,True,20.097761296224014,20.09776106933307,1.128936402530197e-08,True,True
F297,Fusion360Gallery,True,True,True,1,1,1,1,63,63,328.3380881285056,328.3380881285056,0.0,True,28.20901795471425,28.209017643360394,1.103738723546556e-08,True,True
F298,Fusion360Gallery,True,True,True,1,1,1,1,37,37,768.3209028028517,768.3209028028517,0.0,True,24.566659320204106,24.542372088319034,0.0009886257455077705,False,True
F299,Fusion360Gallery,True,True,True,1,1,1,1,8,8,1050.1140108392212,1050.1140108392212,0.0,True,28.597347192655448,28.597346880758266,1.0906507507784681e-08,True,True
F300,Fusion360Gallery,True,True,True,1,1,1,1,3,3,2792.52680319093,2792.52680319093,0.0,True,27.487371177000952,27.487370837451078,1.2352941001638318e-08,True,True
F301,Fusion360Gallery,True,True,True,1,1,1,1,6,6,36.23317403945798,36.23317403945798,0.0,True,20.82784338118663,20.827843130393667,1.2041235231091736e-08,True,True
F302,Fusion360Gallery,True,True,True,1,1,1,1,24,24,166.03067713626538,166.03067713626538,0.0,True,24.009108939759077,24.009108649052997,1.2108157798879498e-08,True,True
F303,Fusion360Gallery,True,True,True,1,1,1,1,27,27,55.47094037592444,55.47094037592444,0.0,True,20.519530869710174,20.519530611523404,1.2582488916579631e-08,True,True
F304,Fusion360Gallery,True,True,True,1,1,1,1,4,4,83.62244515182567,83.62244515182567,0.0,True,28.606580417757147,28.606580108163307,1.0822469369660411e-08,True,True
F305,Fusion360Gallery,True,True,True,1,1,1,1,5,5,264.83464966731424,264.83464966731424,0.0,True,21.709108157632297,21.709107863375174,1.355454684825505e-08,True,True
F306,Fusion360Gallery,True,True,True,1,1,1,1,8,8,8.201434363853835,8.201434363853835,0.0,True,20.03637002635517,20.03636981151241,1.0722638713279437e-08,True,True
F307,Fusion360Gallery,True,True,True,1,1,1,1,32,32,172.48519447673397,172.48519447673397,0.0,True,22.081077347012172,22.081077068318965,1.262135913020834e-08,True,True
F308,Fusion360Gallery,True,True,True,1,1,1,1,25,25,1375.4068847312683,1375.4068847312683,0.0,True,28.779205935635492,28.773925271158333,0.00018348888739212448,False,True
F309,Fusion360Gallery,True,True,True,1,1,1,1,6,6,302.4,302.4,0.0,True,23.6685448120496,23.66854452643846,1.2067118715568308e-08,True,True
F310,Fusion360Gallery,True,True,True,1,1,1,1,9,9,0.6030282248374398,0.6030282248374398,0.0,True,20.421978441131156,20.421978203292152,1.1646227337300234e-08,True,True
F311,Fusion360Gallery,True,True,True,1,1,1,1,18,18,121.3745582010442,121.3745582010442,0.0,True,20.71067050782266,20.707753205969567,0.0001408598457490797,False,True
F312,Fusion360Gallery,True,True,True,1,1,1,1,9,9,1721.2057402086193,1721.2057402086193,0.0,True,27.45849160263853,27.45849126443533,1.2316889268732086e-08,True,True
F313,Fusion360Gallery,True,True,True,1,1,1,1,32,32,306.06156434900447,306.06156434900447,0.0,True,27.44829552858653,27.448295231093812,1.0838294791374229e-08,True,True
F314,Fusion360Gallery,True,True,True,1,1,1,1,23,23,1007.6796668136137,1007.6796668136137,0.0,True,29.629538452644674,29.60442619854603,0.0008475411839026774,False,True
F315,Fusion360Gallery,True,True,True,1,1,1,1,3,3,696.446952188823,696.446952188823,0.0,True,22.105980940926443,22.10598063949457,1.3635760940393349e-08,True,True
F316,Fusion360Gallery,True,True,True,1,1,1,1,11,11,443.9984155392044,443.9984155392044,0.0,True,23.883346008632202,23.88334568655389,1.348547689138291e-08,True,True
F317,Fusion360Gallery,True,True,True,1,1,1,1,19,19,196.58076121569846,196.58076121569846,0.0,True,21.37747499622555,21.37747470948138,1.3413378875139468e-08,True,True
F318,Fusion360Gallery,True,True,True,1,1,1,1,19,19,51.73636510315714,51.73636510315714,0.0,True,21.73061566725188,21.730469795728617,6.712719303306046e-06,False,True
F319,Fusion360Gallery,True,True,True,1,1,1,1,13,13,4.121057674221069,4.121057674221069,0.0,True,20.021530066958128,20.02152985425934,1.0623503092533754e-08,True,True
F320,Fusion360Gallery,True,True,True,1,1,1,1,7,7,3007.664641151626,3007.664641151626,0.0,True,33.12898881534864,33.128988469835605,1.042932637557163e-08,True,True
F321,Fusion360Gallery,True,True,True,1,1,1,1,8,8,141.44573927811788,141.44573927811788,0.0,True,20.433678388307996,20.433678134781097,1.2407305929562212e-08,True,True
F322,Fusion360Gallery,True,True,True,1,1,1,1,503,503,59.156480546828455,59.156480546828455,0.0,True,20.494909917765508,20.494909664931107,1.233644849094322e-08,True,True
F323,Fusion360Gallery,True,True,True,1,1,1,1,6,6,5730.017380090669,5730.017380090669,0.0,True,31.5012593197602,31.5012589760473,1.091108448100281e-08,True,True
F324,Fusion360Gallery,True,True,True,1,1,1,1,10,10,3029.941328534086,3029.941328534086,0.0,True,28.148657818685308,28.148657488804062,1.1719253116793638e-08,True,True
F325,Fusion360Gallery,True,True,True,1,1,1,1,9,9,258.9318517185195,258.9318517185195,0.0,True,28.28562600705529,28.285625712893722,1.0399683787916568e-08,True,True
F326,Fusion360Gallery,True,True,True,1,1,1,1,2,2,1288.8585245496588,1288.8585245496588,0.0,True,30.846058271096897,30.846057931943726,1.0995024659037698e-08,True,True
F327,Fusion360Gallery,True,True,True,1,1,1,1,39,39,768.931006944279,768.931006944279,0.0,True,27.491067560567142,27.491067262004062,1.0860366894772186e-08,True,True
F328,Fusion360Gallery,True,True,True,1,1,1,1,20,20,3164.818145372241,3164.818145372241,0.0,True,31.819805499091284,31.81980515339464,1.086419728912044e-08,True,True
F329,Fusion360Gallery,True,True,True,1,1,1,1,3,3,3534.16989713614,3534.16989713614,0.0,True,31.01587047335684,31.015870134019522,1.0940764000946997e-08,True,True
F330,Fusion360Gallery,True,True,True,1,1,1,1,7,7,159.36055070430535,159.36055070430535,0.0,True,22.61366270743288,22.613662430748718,1.2235265263468283e-08,True,True
F331,Fusion360Gallery,True,True,True,1,1,1,1,6,6,31.60493827160498,31.60493827160498,0.0,True,20.098522989280017,20.098522763724468,1.1222493785708287e-08,True,True
F332,Fusion360Gallery,True,True,True,1,1,1,1,36,36,1460.5797842684522,1460.5797842684522,0.0,True,26.629074191812805,26.629073857629756,1.25495556783535e-08,True,True
F333,Fusion360Gallery,True,True,True,1,1,1,1,6,6,332.9464588497041,332.9464588497041,0.0,True,20.971232862008883,20.971232589739646,1.2982986659933453e-08,True,True
F334,Fusion360Gallery,True,True,True,1,1,1,1,16,16,6.322398130639652,6.322398130639652,0.0,True,20.03848720327069,20.038486986656288,1.0809917967454844e-08,True,True
F335,Fusion360Gallery,True,True,True,1,1,1,1,4,4,2111.777012758329,2111.777012758329,0.0,True,26.246693248935035,26.246692913372694,1.2784937797624442e-08,True,True
F336,Fusion360Gallery,True,True,True,1,1,1,1,1,1,1639.4105200646907,1639.4105200646907,0.0,True,28.574565794923878,28.574565452927843,1.1968547046401164e-08,True,True
F337,Fusion360Gallery,True,True,True,1,1,1,1,18,18,88.10673571895039,88.10673571895039,0.0,True,20.923842736053537,20.923842461766895,1.3108808207920319e-08,True,True
F338,Fusion360Gallery,True,True,True,1,1,1,1,6,6,320.00002042515234,320.00002042515234,0.0,True,20.784610009391937,20.78460973996181,1.2962962878024787e-08,True,True
F339,Fusion360Gallery,True,True,True,1,1,1,1,87,87,1150.534806494941,1150.534806494941,0.0,True,26.730576513551764,26.73057619187028,1.2034214191581167e-08,True,True
F340,Fusion360Gallery,True,True,True,1,1,1,1,6,6,2160.8968291112988,2160.8968291112988,0.0,True,25.02098316230375,25.020982834362133,1.3106663908687673e-08,True,True
F341,Fusion360Gallery,True,True,True,1,1,1,1,3,3,251.32741228718345,251.32741228718345,0.0,True,20.784609960256653,20.784609690826528,1.2962962737739508e-08,True,True
F342,Fusion360Gallery,True,True,True,1,1,1,1,6,6,136.32872604999528,136.32872604999528,0.0,True,20.440623569864186,20.440623315765343,1.2431071020473377e-08,True,True
F343,Fusion360Gallery,True,True,True,1,1,1,1,9,9,185.9848010375117,185.9848010375117,0.0,True,20.716852700228724,20.71685243338881,1.2880330779881647e-08,True,True
F344,Fusion360Gallery,True,True,True,1,1,1,1,10,10,17.718518518519375,17.718518518519375,0.0,True,28.48001278869875,28.48001248439177,1.0684931284008209e-08,True,True
F345,Fusion360Gallery,True,True,True,1,1,1,1,21,21,901.1353949324154,901.1353949324154,0.0,True,32.78303191052166,32.78303156454522,1.05535216984705e-08,True,True
F346,Fusion360Gallery,True,True,True,1,1,1,1,37,37,828.3164389469141,828.3164389469141,0.0,True,29.915507032120036,29.915506699559465,1.111666169402588e-08,True,True
F347,Fusion360Gallery,True,True,True,1,1,1,1,6,6,97.65624999999982,97.65624999999982,0.0,True,20.46762373305162,20.46762348469189,1.2134272764933601e-08,True,True
F348,Fusion360Gallery,True,True,True,1,1,1,1,10,10,71.42967152668567,71.42967152668567,0.0,True,22.35416749512521,22.35416720039187,1.3184715557865574e-08,True,True
F349,Fusion360Gallery,True,True,True,1,1,1,1,31,31,937.0042456311331,937.0042456311331,0.0,True,28.367730899043885,28.36773057630073,1.1377122689742498e-08,True,True
F350,Fusion360Gallery,True,True,True,1,1,1,1,10,10,143.15252741791866,143.15252741791866,0.0,True,22.893777029023376,22.89377674379824,1.2458631610513374e-08,True,True
F351,Fusion360Gallery,True,True,True,1,1,1,1,13,13,2842.4537185219847,2842.4537185219847,0.0,True,27.92883619103238,27.92883586322128,1.1737370604654363e-08,True,True
F352,Fusion360Gallery,True,True,True,1,1,1,1,11,11,1221.6934403665198,1221.6934403665198,0.0,True,30.92329253168233,30.923292192132454,1.0980392016527412e-08,True,True
F353,Fusion360Gallery,True,True,True,1,1,1,1,7,7,2066.5937219695497,2066.5937219695497,0.0,True,28.502856611680944,28.502856271254004,1.1943607779699759e-08,True,True
F354,Fusion360Gallery,True,True,True,1,1,1,1,41,41,161.60172859116753,161.60172859116753,0.0,True,22.123897768799505,22.123897491156146,1.2549477577216566e-08,True,True
F355,Fusion360Gallery,True,True,True,1,1,1,1,10,10,91.58721570285633,91.58721570285633,0.0,True,20.85775592301007,20.857755650956896,1.3043261972137811e-08,True,True
F356,Fusion360Gallery,True,True,True,1,1,1,1,34,34,154.10580752011225,154.10580752011225,0.0,True,21.90822018817624,21.89842258708597,0.00044721118402660356,False,True
F357,Fusion360Gallery,True,True,True,1,1,1,1,6,6,16.473774598552108,16.473774598552108,0.0,True,20.21063889396791,20.2106386644453,1.1356524161507105e-08,True,True
F358,Fusion360Gallery,True,True,True,1,1,1,1,3,3,36.40332978277721,36.40332978277721,0.0,True,20.6939481669398,20.6939479075919,1.2532548042949054e-08,True,True
F359,Fusion360Gallery,True,True,True,1,1,1,1,33,33,234.73267404653205,234.73267404653205,0.0,True,28.605655228753594,28.605654892577036,1.1752101320610038e-08,True,True
F360,Fusion360Gallery,True,True,True,1,1,1,1,26,26,1066.204651401323,1066.204651401323,0.0,True,23.81312603291379,23.81312571141697,1.3500823866323593e-08,True,True
F361,Fusion360Gallery,True,True,True,1,1,1,1,22,22,518.2728760619106,518.2728760619106,0.0,True,27.462436229349805,27.46243593172344,1.0837580539364827e-08,True,True
F362,Fusion360Gallery,True,True,True,1,1,1,1,4,4,73.26073403432986,73.26073403432986,0.0,True,28.3060874079354,28.306087117459995,1.0261941232655415e-08,True,True
F363,Fusion360Gallery,True,True,True,1,1,1,1,26,26,21.36176770606751,21.36176770606751,0.0,True,21.563287188849266,21.56328690785909,1.303095268670499e-08,True,True
F364,Fusion360Gallery,True,True,True,1,1,1,1,31,31,654.2806695565922,654.2806695565922,0.0,True,28.60773882643858,28.607738492161413,1.1684851073060305e-08,True,True
F365,Fusion360Gallery,True,True,True,1,1,1,1,38,38,276.33410985670844,276.33410985670844,0.0,True,24.662920775304478,24.662920488805003,1.1616607676805705e-08,True,True
F366,Fusion360Gallery,True,True,True,1,1,1,1,143,143,257.9881106239811,257.9881106239811,0.0,True,25.579674552189097,25.57967424781868,1.1898916706284754e-08,True,True
F367,Fusion360Gallery,True,True,True,1,1,1,1,8,8,430.56135323873775,430.56135323873775,0.0,True,22.767151983068032,22.76715167222884,1.3652967708146984e-08,True,True
F368,Fusion360Gallery,True,True,True,1,1,1,1,8,8,1278.539816339745,1278.539816339745,0.0,True,29.137604891274094,29.13760456866693,1.1071849086348079e-08,True,True
F369,Fusion360Gallery,True,True,True,1,1,1,1,32,32,606.0060068233107,606.0060068233107,0.0,True,28.35489405376081,28.35489375751565,1.044776106800446e-08,True,True
F370,Fusion360Gallery,True,True,True,1,1,1,1,30,30,28.151776706552948,28.151776706552948,0.0,True,27.487371123475842,27.48737083745107,1.0405679414825907e-08,True,True
F371,Fusion360Gallery,True,True,True,1,1,1,1,36,36,2596.537207966469,2596.537207966469,0.0,True,32.575465848118576,32.575465502068305,1.0623033687943418e-08,True,True
F372,Fusion360Gallery,True,True,True,1,1,1,1,5,5,1579.4777072163506,1579.4777072163506,0.0,True,32.829526351204734,32.829526005987034,1.051546391704631e-08,True,True
F373,Fusion360Gallery,True,True,True,1,1,1,1,6,6,4567.474048442907,4567.474048442907,0.0,True,30.252684739794553,30.252684401467747,1.1183364699047171e-08,True,True
F374,Fusion360Gallery,True,True,True,1,1,1,1,7,7,191.64801715887506,191.64801715887506,0.0,True,30.63483125503719,30.634830965126675,9.463427903772598e-09,True,True
F375,Fusion360Gallery,True,True,True,1,1,1,1,65,65,358.4229613199933,358.4229613199933,0.0,True,24.368153917850012,24.36815362251723,1.2119620683016598e-08,True,True
F376,Fusion360Gallery,True,True,True,1,1,1,1,7,7,282.983543283319,282.983543283319,0.0,True,26.542836846169333,26.542836509514856,1.2683439931132916e-08,True,True
F377,Fusion360Gallery,True,True,True,1,1,1,1,11,11,164.73402631427933,164.73402631427933,0.0,True,31.83517112063109,31.835170828343024,9.181294060571401e-09,True,True
F378,Fusion360Gallery,True,True,True,1,1,1,1,3,3,6181.83696331584,6181.83696331584,0.0,True,34.45576909417289,34.45576874777285,1.0053469850576476e-08,True,True
F379,Fusion360Gallery,True,True,True,1,1,1,1,9,9,335.797680442209,335.797680442209,0.0,True,27.809173812721237,27.809173514700323,1.0716640365516108e-08,True,True
F380,Fusion360Gallery,True,True,True,1,1,1,1,39,39,407.7861765020789,407.7861765020789,0.0,True,32.15528819579242,32.15528784997763,1.0754523113937017e-08,True,True
F381,Fusion360Gallery,True,True,True,1,1,1,1,21,21,43.58215362473226,43.58215362473226,0.0,True,20.457442525344604,20.457442275231877,1.2226001694198864e-08,True,True
F382,Fusion360Gallery,True,True,True,1,1,1,1,21,21,1355.7332610572387,1355.7332610572387,0.0,True,29.482290745728495,29.482290414944178,1.1219763081623919e-08,True,True
F383,Fusion360Gallery,True,True,True,1,1,1,1,6,6,37.405931485283844,37.405931485283844,0.0,True,20.4868023215208,20.486802066056363,1.246970763784073e-08,True,True
F384,Fusion360Gallery,True,True,True,1,1,1,1,10,10,22.4492354451722,22.4492354451722,0.0,True,20.09388917722035,20.093888950844494,1.1265905506402606e-08,True,True
F385,Fusion360Gallery,True,True,True,1,1,1,1,26,26,50.350365272246165,50.350365272246165,0.0,True,20.16973316505565,20.16973293021616,1.1643162958807672e-08,True,True
F386,Fusion360Gallery,True,True,True,1,1,1,1,5,5,259.1957305299154,259.1957305299154,0.0,True,25.289515483820704,25.289515161123084,1.2760134528605356e-08,True,True
F387,Fusion360Gallery,True,True,True,1,1,1,1,6,6,132.8719723183391,132.8719723183391,0.0,True,24.48528998398835,24.485289701465774,1.1538461435783723e-08,True,True
F388,Fusion360Gallery,True,True,True,1,1,1,1,11,11,447.895461937477,447.895461937477,0.0,True,25.119008672351434,25.119008341983797,1.3152096946025006e-08,True,True
F389,Fusion360Gallery,True,True,True,1,1,1,1,5,5,3170.684863062105,3170.684863062105,0.0,True,32.41968691344455,32.41968658054587,1.0268411295217482e-08,True,True
F390,Fusion360Gallery,True,True,True,1,1,1,1,80,80,143.43147415240793,143.43147415240793,0.0,True,24.55955282956036,24.5595520649937,3.113113117145326e-08,True,True
F391,Fusion360Gallery,True,True,True,1,1,1,1,45,45,309.5790372759918,309.5790372759918,0.0,True,28.62998950237212,28.616286790980034,0.00047861391604596263,False,True
F392,Fusion360Gallery,True,True,True,1,1,1,1,67,67,51.0166703652918,51.0166703652918,0.0,True,21.50806194256319,21.508061675987108,1.2394240103348259e-08,True,True
F393,Fusion360Gallery,True,True,True,1,1,1,1,45,45,69.59368002516085,69.59368002516085,0.0,True,21.917371593911593,21.91440166221934,0.00013550583287447995,False,True
F394,Fusion360Gallery,True,True,True,1,1,1,1,5,5,100.7209588614098,100.7209588614098,0.0,True,20.78751945540971,20.787519185871968,1.2966325482662173e-08,True,True
F395,Fusion360Gallery,True,True,True,1,1,1,1,14,14,399.9815858941181,399.9815858941181,0.0,True,24.209584236886414,24.209583912281985,1.3408095962887123e-08,True,True
F396,Fusion360Gallery,True,True,True,1,1,1,1,8,8,9.449587601973708,9.449587601973708,0.0,True,23.106015739649123,23.083398464756964,0.0009788478960199392,False,True
F397,Fusion360Gallery,True,True,True,1,1,1,1,16,16,1385.1344585735412,1385.1344585735412,0.0,True,24.747193365958978,24.747193042719065,1.3061679693455369e-08,True,True
F398,Fusion360Gallery,True,True,True,1,1,1,1,32,32,111.90668208181287,111.90668208181287,0.0,True,21.18471310393566,21.184712835483,1.2671998808589388e-08,True,True
F399,Fusion360Gallery,True,True,True,1,1,1,1,26,26,85.76348081822447,85.76348081822447,0.0,True,23.861265964738756,23.861265683110776,1.1802725807583124e-08,True,True
F400,Fusion360Gallery,True,True,True,1,1,1,1,8,8,12.950475592915565,12.950475592915565,0.0,True,25.36437709865305,25.364376812392084,1.1285945080273306e-08,True,True
F401,Fusion360Gallery,True,True,True,1,1,1,1,6,6,36.52794292508916,36.52794292508916,0.0,True,20.098686596898144,20.098686370429405,1.1267837715727168e-08,True,True
F402,Fusion360Gallery,True,True,True,1,1,1,1,4,4,3685.9205334291855,3685.9205334291855,0.0,True,34.00588894199212,34.00588859570756,1.018307620047736e-08,True,True
F403,Fusion360Gallery,True,True,True,1,1,1,1,18,18,40.412206462028124,40.412206462028124,0.0,True,21.169215058760805,21.16921479749773,1.2341651518440852e-08,True,True
F404,Fusion360Gallery,True,True,True,1,1,1,1,25,25,386.70018985313595,386.70018985313595,0.0,True,26.38998764395656,26.389987314111494,1.249887152238272e-08,True,True
F405,Fusion360Gallery,True,True,True,1,1,1,1,32,32,2669.950559655851,2669.950559655851,0.0,True,31.68669054764792,31.68669020267027,1.0887146749617645e-08,True,True
F406,Fusion360Gallery,True,True,True,1,1,1,1,4,4,870.078273366715,870.078273366715,0.0,True,29.761519428333678,29.761519084474678,1.155381198760746e-08,True,True
F407,Fusion360Gallery,True,True,True,1,1,1,1,25,25,1356.493758694491,1356.493758694491,0.0,True,25.964435021699348,25.964434699384796,1.2413694026761155e-08,True,True
F408,Fusion360Gallery,True,True,True,1,1,1,1,26,26,57.1607080265152,57.1607080265152,0.0,True,20.592257726779774,20.592218951913587,1.8829827550560844e-06,False,True
F409,Fusion360Gallery,True,True,True,1,1,1,1,7,7,107.71480646588422,107.71480646588422,0.0,True,22.699249371823047,22.699249121517013,1.1027062154245737e-08,True,True
F410,Fusion360Gallery,True,True,True,1,1,1,1,12,12,508.03283540912815,508.03283540912815,0.0,True,23.178469590655574,23.178469291374245,1.2912040091254082e-08,True,True
F411,Fusion360Gallery,True,True,True,1,1,1,1,11,11,71.93855368425591,71.93855368425591,0.0,True,20.742056510772173,20.74131512411725,3.5743160497987133e-05,False,True
F412,Fusion360Gallery,True,True,True,1,1,1,1,58,58,497.14236565037487,497.14236565037487,0.0,True,22.85271132371279,22.852282311982407,1.8772902886901565e-05,False,True
F413,Fusion360Gallery,True,True,True,1,1,1,1,9,9,677.640956252365,677.640956252365,0.0,True,30.93560094323131,30.935600634589285,9.976920321708505e-09,True,True
F414,Fusion360Gallery,True,True,True,1,1,1,1,23,23,76.19383559706219,76.19383559706219,0.0,True,20.420436446171472,20.420436193190003,1.2388641610542729e-08,True,True
F415,Fusion360Gallery,True,True,True,1,1,1,1,6,6,4.006738444098831,4.006738444098831,0.0,True,21.488131772906552,21.48813151296239,1.2097103877735753e-08,True,True
F416,Fusion360Gallery,True,True,True,1,1,1,1,8,8,833.6618681710193,833.6618681710193,0.0,True,27.16789532137265,27.167895017236585,1.119468630409516e-08,True,True
F417,Fusion360Gallery,True,True,True,1,1,1,1,12,12,236.41207882312722,236.41207882312722,0.0,True,22.246823596285196,22.246823303684362,1.3152476935062774e-08,True,True
F418,Fusion360Gallery,True,True,True,1,1,1,1,6,6,111.11111036407695,111.11111036407695,0.0,True,20.344259605325753,20.344259359556176,1.20805368149024e-08,True,True
F419,Fusion360Gallery,True,True,True,1,1,1,1,11,11,1678.8239042581934,1678.8239042581934,0.0,True,31.33173004006488,31.3317297211521,1.0178588237669942e-08,True,True
F420,Fusion360Gallery,True,True,True,1,1,1,1,4,4,164.29920735093197,164.29920735093197,0.0,True,22.802643025098515,22.80264271421763,1.3633546126072098e-08,True,True
F421,Fusion360Gallery,True,True,True,1,1,1,1,6,6,37.799115988416574,37.799115988416574,0.0,True,25.18669837195913,25.186698090603482,1.1170803164996457e-08,True,True
F422,Fusion360Gallery,True,True,True,1,1,1,1,12,12,200.5190626570039,200.5190626570039,0.0,True,23.705128249294823,23.70512794814051,1.2704184047747277e-08,True,True
F423,Fusion360Gallery,True,True,True,1,1,1,1,6,6,692.0356860406578,692.0356860406578,0.0,True,26.197912673620547,26.197912367556462,1.1682766032237407e-08,True,True
F424,Fusion360Gallery,True,True,True,1,1,1,1,10,10,1705.991437196371,1705.991437196371,0.0,True,30.584851149114304,30.584850811446657,1.1040356060139802e-08,True,True
F425,Fusion360Gallery,True,True,True,1,1,1,1,5,5,315.75705587819175,315.75705587819175,0.0,True,21.160917553977576,21.160917272553746,1.329922624100028e-08,True,True
F426,Fusion360Gallery,True,True,True,1,1,1,1,3,3,44.879895051282574,44.879895051282574,0.0,True,28.284632297776263,28.28463201392702,1.0035458116927319e-08,True,True
F427,Fusion360Gallery,True,True,True,1,1,1,1,4,4,64.43470646648336,64.43470646648336,0.0,True,21.21320371843914,21.213203435596427,1.3333333171202527e-08,True,True
F428,Fusion360Gallery,True,True,True,1,1,1,1,6,6,549.9595935495462,549.9595935495462,0.0,True,27.279924578442703,27.279924270738825,1.1279498867102893e-08,True,True
F429,Fusion360Gallery,True,True,True,1,1,1,1,14,14,362.15482118605473,362.15482118605473,0.0,True,21.42078828376896,21.420787997707606,1.3354380351013446e-08,True,True
F430,Fusion360Gallery,True,True,True,1,1,1,1,10,10,4651.656320184527,4651.656320184527,0.0,True,30.84705120343715,30.847050860052796,1.1131837256522943e-08,True,True
F431,Fusion360Gallery,True,True,True,1,1,1,1,25,25,218.2271255415032,218.2271255415032,0.0,True,27.828142023331743,27.8281416984223,1.1675570833206931e-08,True,True
F432,Fusion360Gallery,True,True,True,1,1,3,3,273,273,2174.9124635026656,2174.9131451041762,3.1339251970230605e-07,True,31.587322164808224,31.571045784803424,0.0005152820463817019,False,True
F433,Fusion360Gallery,True,True,True,1,1,1,1,10,10,573.6590398238917,573.6590398238917,0.0,True,23.521409713707207,23.521409406821224,1.3047091438289314e-08,True,True
F434,Fusion360Gallery,True,True,True,1,1,1,1,29,29,6.617900743621112,6.617900743621112,0.0,True,20.39402856373524,20.388779001818463,0.0002574068139784782,False,True
F435,Fusion360Gallery,True,True,True,1,1,1,1,19,19,779.0669103093843,779.0669103093843,0.0,True,23.443688519486873,23.443688211330656,1.314452786437865e-08,True,True
F436,Fusion360Gallery,True,True,True,1,1,1,1,36,36,245.47848251586294,245.47848251586294,0.0,True,20.952581090216768,20.95258081511662,1.3129654418169134e-08,True,True
F437,Fusion360Gallery,True,True,True,1,1,1,1,19,19,288.3290682112374,288.3290682112374,0.0,True,22.978250899491893,22.978250586152114,1.363636337608255e-08,True,True
F438,Fusion360Gallery,True,True,True,1,1,1,1,7,7,144.53325623210395,144.53325623210395,0.0,True,21.58224745621246,21.58224716471549,1.35063306614763e-08,True,True
F439,Fusion360Gallery,True,True,True,1,1,1,1,22,22,549.977173594319,549.977173594319,0.0,True,22.659312829631688,22.659312532476452,1.3114044444476636e-08,True,True
F440,Fusion360Gallery,True,True,True,1,1,1,1,6,6,1183.0836843668199,1183.0836843668199,0.0,True,27.363366607011443,27.363366267796092,1.2396696495405348e-08,True,True
F441,Fusion360Gallery,True,True,True,1,1,1,1,26,26,1011.4773243112098,1011.4773243112098,0.0,True,24.207500739375657,24.20750042235542,1.3095950756335396e-08,True,True
F442,Fusion360Gallery,True,True,True,1,1,1,1,14,14,44.33340319665509,44.33340319665509,0.0,True,22.85504219410058,22.855041920251878,1.198198190191166e-08,True,True
F443,Fusion360Gallery,True,True,True,1,1,1,1,9,9,52.260690958302646,52.260690958302646,0.0,True,20.4924652576077,20.492465006236934,1.2266497202584164e-08,True,True
F444,Fusion360Gallery,True,True,True,1,1,1,1,6,6,34.50622056898924,34.50622056898924,0.0,True,20.202656049168837,20.20265581746096,1.1469178875951678e-08,True,True
F445,Fusion360Gallery,True,True,True,1,1,1,1,6,6,0.01632653061224493,0.01632653061224493,0.0,True,20.000041016855903,20.000040816284884,1.0028530400494284e-08,True,True
F446,Fusion360Gallery,True,True,True,1,1,1,1,26,26,1766.9288650131134,1766.9288650131134,0.0,True,24.944382899206435,24.944382578492945,1.2857142661706246e-08,True,True
F447,Fusion360Gallery,True,True,True,1,1,1,1,76,76,2433.283083088232,2433.283083088232,0.0,True,27.37312595676217,27.373125621113214,1.2261988501811402e-08,True,True
F448,Fusion360Gallery,True,True,True,1,1,1,1,37,37,1321.1582938374913,1321.1582938374913,0.0,True,31.645059573356605,31.6138287168805,0.000986910971164608,False,True
F449,Fusion360Gallery,True,True,True,1,1,1,1,4,4,1452.1139809356514,1452.1139809356514,0.0,True,33.11931358876766,33.1193132425447,1.0453808484996314e-08,True,True
F450,Fusion360Gallery,True,True,True,1,1,1,1,7,7,191.62878042731455,191.62878042731455,0.0,True,27.397568856274564,27.397568521642643,1.2213927525871904e-08,True,True
F451,Fusion360Gallery,True,True,True,1,1,1,1,8,8,2187.890801432353,2187.890801432353,0.0,True,27.67266499546273,27.672664660236766,1.2113974660532045e-08,True,True
F452,Fusion360Gallery,True,True,True,1,1,1,1,9,9,1485.7345289866541,1485.7345289866541,0.0,True,28.284271624805314,28.284271285394063,1.199999970326015e-08,True,True
F453,Fusion360Gallery,True,True,True,1,1,1,1,4,4,470.3306020823327,470.3306020823327,0.0,True,28.326339568330088,28.326339275011495,1.0354976922388315e-08,True,True
F454,Fusion360Gallery,True,True,True,1,1,1,1,10,10,294.75952543538943,294.75952543538943,0.0,True,24.07396040169175,24.073960113690386,1.196319003590473e-08,True,True
F455,Fusion360Gallery,True,True,True,1,1,1,1,54,54,92.12511262936417,92.12511262936417,0.0,True,21.135996731790105,21.135996470330294,1.2370356296165517e-08,True,True
F456,Fusion360Gallery,True,True,True,1,1,1,1,21,21,1615.0229208091368,1615.0229208091368,0.0,True,30.960836701227166,30.960836361490916,1.0973096530874775e-08,True,True
F457,Fusion360Gallery,True,True,True,1,1,1,1,6,6,30.839101087515804,30.839101087515804,0.0,True,21.174645750203414,21.174645469193344,1.3271063593667364e-08,True,True
F458,Fusion360Gallery,True,True,True,1,1,1,1,95,95,834.5163214567641,834.5163214567641,0.0,True,30.86001536848728,30.860015029034958,1.0999745671590044e-08,True,True
F459,Fusion360Gallery,True,True,True,1,1,1,1,4,4,822.7290578455833,822.7290578455833,0.0,True,31.360572817165547,31.360572475485935,1.0895196799983434e-08,True,True
F460,Fusion360Gallery,True,True,True,1,1,1,1,3,3,358.09485033503,358.09485033503,0.0,True,30.638183986674587,30.638183696215542,9.480295744241189e-09,True,True
F461,Fusion360Gallery,True,True,True,1,1,1,1,19,19,914.6997783089325,914.6997783089325,0.0,True,30.2590733499221,30.259073014418714,1.1087695349105642e-08,True,True
F462,Fusion360Gallery,True,True,True,1,1,1,1,6,6,89.83321029852476,89.83321029852476,0.0,True,20.2845266976356,20.284526453233497,1.2048696316904964e-08,True,True
F463,Fusion360Gallery,True,True,True,1,1,1,1,4,4,2624.505143414027,2624.505143414027,0.0,True,31.812850303431702,31.812849976869725,1.0265096473429747e-08,True,True
F464,Fusion360Gallery,True,True,True,1,1,1,1,7,7,221.46129343641243,221.46129343641243,0.0,True,21.23072057784652,21.230720294539374,1.3344207692627113e-08,True,True
F465,Fusion360Gallery,True,True,True,1,1,1,1,8,8,528.1814638439174,528.1814638439174,0.0,True,28.58242528107258,28.582424972367864,1.080050813969209e-08,True,True
F466,Fusion360Gallery,True,True,True,1,1,1,1,20,20,146.92018759859945,146.92018759859945,0.0,True,20.7782145765122,20.77821431989591,1.2350257126996294e-08,True,True
F467,Fusion360Gallery,True,True,True,1,1,1,1,6,6,135.0262042099322,135.0262042099322,0.0,True,22.61815183274518,22.61815155232264,1.2398119102451051e-08,True,True
F468,Fusion360Gallery,True,True,True,1,1,1,1,3,3,4328.486358116027,4328.486358116027,0.0,True,30.840233807155244,30.840233462151375,1.1186811072387863e-08,True,True
F469,Fusion360Gallery,True,True,True,1,1,1,1,23,23,93.093610947391,93.093610947391,0.0,True,20.76447557876052,20.764475310083018,1.2939286732168104e-08,True,True
F470,Fusion360Gallery,True,True,True,1,1,1,1,31,31,20.465390096456872,20.465390096456872,0.0,True,26.564506419465243,26.560097484679943,0.00016597089046867873,False,True
F471,Fusion360Gallery,True,True,True,1,1,1,1,36,36,548.4270514609672,548.4270514609672,0.0,True,21.480309010943234,21.48030872208067,1.344778430175957e-08,True,True
F472,Fusion360Gallery,True,True,True,1,1,1,1,4,4,4712.388978624541,4712.388978624541,0.0,True,32.01562152831597,32.015621184733696,1.0731707071897578e-08,True,True
F473,Fusion360Gallery,True,True,True,1,1,1,1,62,62,564.6410164091553,564.6410164091553,0.0,True,28.893833083278622,28.893832753294802,1.142056226577592e-08,True,True
F474,Fusion360Gallery,True,True,True,1,1,1,1,24,24,2040.9486921861662,2040.9486921861662,0.0,True,30.3190838002926,30.319083458733235,1.1265490941386787e-08,True,True
F475,Fusion360Gallery,True,True,True,1,1,1,1,32,32,53.925233766180405,53.925233766180405,0.0,True,21.18080228587901,21.180802028792453,1.2137715785934139e-08,True,True
F476,Fusion360Gallery,True,True,True,1,1,1,1,83,83,985.8440332119209,985.8440332119209,0.0,True,24.62213376660958,24.62213344212537,1.317855761272945e-08,True,True
F477,Fusion360Gallery,True,True,True,1,1,1,1,4,4,5282.5400518032675,5282.5400518032675,0.0,True,35.08754587312817,35.087545528626755,9.818338879681696e-09,True,True
F478,Fusion360Gallery,True,True,True,1,1,1,1,8,8,110.73895817942855,110.73895817942855,0.0,True,20.75919095891298,20.75919069432473,1.2745595542541269e-08,True,True
F479,Fusion360Gallery,True,True,True,1,1,1,1,530,530,117.01364785387506,117.01364785387506,0.0,True,21.260771844418258,21.260771579678508,1.2452029120080765e-08,True,True
F480,Fusion360Gallery,True,True,True,1,1,1,1,19,19,92.51840286442228,92.51840286442228,0.0,True,21.04845321249877,21.04845293430591,1.3216784052445298e-08,True,True
F481,Fusion360Gallery,True,True,True,1,1,1,1,15,15,166.22569831068978,166.22569831068978,0.0,True,22.595911849592635,22.59591154094275,1.3659545424497272e-08,True,True
F482,Fusion360Gallery,True,True,True,1,1,1,1,15,15,98.23129145914685,98.23129145914685,0.0,True,23.756417318202946,23.756416997186168,1.3512844689703319e-08,True,True
F483,Fusion360Gallery,True,True,True,1,1,1,1,31,31,1769.4991595099232,1769.4991595099232,0.0,True,32.33227870931224,32.33227836500395,1.06490573528306e-08,True,True
F484,Fusion360Gallery,True,True,True,1,1,1,1,13,13,224.08910592398053,224.08910592398053,0.0,True,24.7824612577702,24.782460963980114,1.1854758262835882e-08,True,True
F485,Fusion360Gallery,True,True,True,1,1,1,1,34,34,73.41600000000038,73.41600000000038,0.0,True,28.354894053760795,28.354893757515633,1.0447761193299015e-08,True,True
F486,Fusion360Gallery,True,True,True,1,1,1,1,3,3,32.75520497949709,32.75520497949709,0.0,True,20.103992921377955,20.10399269368103,1.1325955350919335e-08,True,True
F487,Fusion360Gallery,True,True,True,1,1,1,1,6,6,859.0292419036259,859.0292419036259,0.0,True,24.8432589716029,24.843258642939755,1.3229469816153431e-08,True,True
F488,Fusion360Gallery,True,True,True,1,1,1,1,51,51,728.2962963095429,728.2962963095429,0.0,True,23.430654502927485,23.430654185394737,1.3552022138337323e-08,True,True
F489,Fusion360Gallery,True,True,True,1,1,1,1,9,9,2131.953559312068,2131.953559312068,0.0,True,36.80429744676556,36.8042971017002,9.375681193110032e-09,True,True
F490,Fusion360Gallery,True,True,True,1,1,1,1,34,34,221.7474597151425,221.7474597151425,0.0,True,23.19219908211426,23.191035719395256,5.0161811516280915e-05,False,True
F491,Fusion360Gallery,True,True,True,1,1,1,1,31,31,1139.7653628110438,1139.7653628110438,0.0,True,27.855667332685012,27.855667010319777,1.1572698334610901e-08,True,True
F492,Fusion360Gallery,True,True,True,1,1,1,1,10,10,31.51075595294812,31.51075595294812,0.0,True,20.62763887159669,20.62763861130706,1.261848887535896e-08,True,True
F493,Fusion360Gallery,True,True,True,1,1,1,1,6,6,77.58297032223814,77.58297032223814,0.0,True,25.572002725079223,25.572002432594903,1.1437677469973571e-08,True,True
F494,Fusion360Gallery,True,True,True,1,1,1,1,6,6,127.99999999999999,127.99999999999999,0.0,True,21.555510003709028,21.555509736491967,1.2396693971845295e-08,True,True
F495,Fusion360Gallery,True,True,True,1,1,1,1,21,21,197.79508931348772,197.79508931348772,0.0,True,21.99822850755791,21.99822820793864,1.3620154447258028e-08,True,True
F496,Fusion360Gallery,True,True,True,1,1,1,1,6,6,47.33727810650639,47.33727810650639,0.0,True,20.405909066528487,20.405908820381075,1.206255555604115e-08,True,True
F497,Fusion360Gallery,True,True,True,1,1,1,1,8,8,339.6017553750729,339.6017553750729,0.0,True,22.302433854387836,22.302433570894976,1.271129694905414e-08,True,True
F498,Fusion360Gallery,True,True,True,1,1,1,1,6,6,39.80535182955393,39.80535182955393,0.0,True,21.50022237215525,21.500222110401662,1.2174459555015673e-08,True,True
F499,Fusion360Gallery,True,True,True,1,1,1,1,10,10,124.15991250448795,124.15991250448795,0.0,True,20.86760827407713,20.867608001683163,1.3053435024115863e-08,True,True
F500,Fusion360Gallery,True,True,True,1,1,1,1,5,5,2748.661810562725,2748.661810562725,0.0,True,32.20649502074579,32.206494689783426,1.0276261507381187e-08,True,True
G01,GrabCAD,True,True,True,1,1,1,1,44,44,119301.67595452264,119301.67595452264,0.0,True,218.16622136160316,218.16622103341302,1.5043123445276964e-09,True,True
G02,GrabCAD,True,True,True,1,1,1,1,26,26,27113.69480670796,27113.69480670796,0.0,True,72.62919554834681,72.62919523166975,4.360189553187294e-09,True,True
G03,GrabCAD,True,True,True,1,1,1,1,24,24,558765.1921548154,558765.1921548154,0.0,True,364.6230934101679,364.62309307009076,9.326812485680938e-10,True,True
G04,GrabCAD,True,True,True,1,1,1,1,187,187,1196507.0895369858,1196507.0895369858,0.0,True,301.84930112419994,301.8493001482694,3.2331715118060705e-09,True,True
G05,GrabCAD,True,True,True,12,12,12,12,476,476,493093.6975370041,493093.6975370041,0.0,True,464.28649072661284,464.2864904032713,6.964268254900517e-10,True,True
N01,NIST,True,True,True,1,1,1,1,144,144,3323540.52029393,3323540.52029393,0.0,True,404.7177380961601,404.71773777482997,7.939610137831306e-10,True,True
N02,NIST,True,True,True,1,1,1,1,306,306,1726248.379038069,1726248.379038069,0.0,True,406.7063911165768,406.70416172089443,5.481585072358301e-06,False,True
N03,NIST,True,True,True,1,1,1,1,271,271,503592.17795843113,503592.17795843113,0.0,True,386.0220269165544,386.02202056578614,1.6451828732834472e-08,True,True
N04,NIST,True,True,True,1,1,1,1,125,125,136445.1047920751,136445.1047920751,0.0,True,338.1772293158576,338.17722903615936,8.270758312163716e-10,True,True
N05,NIST,True,True,True,1,1,1,1,256,256,188312.81311697522,188312.81311697522,0.0,True,179.6866562765784,179.68529721239236,7.563523158566423e-06,False,True
N06,NIST,True,True,True,1,1,1,1,117,117,14644823.305612635,14644823.305612635,0.0,True,930.053762187972,930.0537618869141,3.236994234914022e-10,True,True
N07,NIST,True,True,True,1,1,1,1,637,637,47106787.80020498,47106787.80020498,0.0,True,1167.1232531539968,1167.1120314268994,9.614860356017074e-06,False,True
N08,NIST,True,True,True,1,1,1,1,120,120,332122.9076266056,332122.9076266056,0.0,True,594.902712187404,594.9027118676561,5.374792592475632e-10,True,True
N09,NIST,True,True,True,1,1,1,1,484,484,17519780.202793345,17519780.202793345,0.0,True,935.6641958680733,935.6641854498258,1.1134600992829153e-08,True,True
N10,NIST,True,True,True,1,1,1,1,156,156,12694917.715426987,12694917.715394648,2.5474166753872625e-12,True,907.1687646178768,907.1614533808192,8.059401230235719e-06,False,True
N11R,NIST,True,True,True,1,1,1,1,42,42,5135.058392239693,5135.058392239693,0.0,True,96.52327278520715,96.4828766350006,0.00041851202348323473,False,True
T01,TraceParts,True,True,True,3,3,3,3,290,290,69520.14943260606,69520.14943260606,0.0,True,153.73154189097139,153.7315415541509,2.1909653226907075e-09,True,True
T02,TraceParts,True,True,True,1,1,1,1,50,50,59222.64126461405,59222.64126461405,0.0,True,150.3581317592953,150.35813143292253,2.1706359793668864e-09,True,True
T03,TraceParts,True,True,True,1,1,1,1,119,119,50067.31352027917,50067.31352027917,0.0,True,90.85659096991235,90.85656334596858,3.0403896371665664e-07,True,True
T04,TraceParts,True,True,True,1,1,10,10,774,774,170992.5955738668,170992.59223622116,1.9519240760652793e-08,True,167.9504548386265,167.9488181319049,9.74517588058417e-06,False,True
