candidate_index,source_group,candidate_locator,filename,selected,corpus_id,decision_reason,selected_step_sha256
1,3D ContentCentral,C01_UCF_305_AP203.step,C01_UCF_305_AP203.step,True,C01,selected_pre_registered_manual_stratum,833ae43ae70cb426dfa0b31f73a9c6115a167339c1188842ff17d0c693abb8e8
2,3D ContentCentral,C02_Angle_Bracket_0_0_003_20_AP203.step,C02_Angle_Bracket_0_0_003_20_AP203.step,True,C02,selected_pre_registered_manual_stratum,cec3150c76e253c18d359966b2b1c164f4a5def3df507a1e74d1c83541a1c8a0
3,3D ContentCentral,C03_Moderate_Mounting_Bracket_AP214.step,C03_Moderate_Mounting_Bracket_AP214.step,True,C03,selected_pre_registered_manual_stratum,7fac346b2bc22b12adcb0136e8dcc9ad89adaceac8b81757948dbd94a40a73c2
4,3D ContentCentral,C04_S7215_2_5_AP214.step,C04_S7215_2_5_AP214.step,True,C04,selected_pre_registered_manual_stratum,ecc920585562b59885a0fcabbd3a87eaadb9cbcc1ec379fd2e4c35922b47c38a
5,3Dfindit,D01_SKF_FNL_505_A_AP242.stp,D01_SKF_FNL_505_A_AP242.stp,True,D01,selected_pre_registered_manual_stratum,16b9104ab339c2ea8e0564485711ce43526b8445b17a9f6d9b15ce7ada7801ed
6,3Dfindit,D02_24080-010_AP242.stp,D02_24080-010_AP242.stp,True,D02,selected_pre_registered_manual_stratum,f217fcdc3d8d3b78b82e7a62bb2b224c30a0baef71652488129b1a1694c0517a
7,3Dfindit,D03_BENE_INOX_664376-40_OPEN_AP242.stp,D03_BENE_INOX_664376-40_OPEN_AP242.stp,True,D03,selected_pre_registered_manual_stratum,e7881a338b650e50f1f490f59a585cabc3da0182aaba429a0715163f87d31873
8,3Dfindit,D04_BUERKERT_6281_270852_AP242.stp,D04_BUERKERT_6281_270852_AP242.stp,True,D04,selected_pre_registered_manual_stratum,e0b09ddc264a87a1f12875944e884f84dfa5066d34ab65c569c4a80b995a7bb6
9,GrabCAD,G01_L_Bracket_Gusset.step,G01_L_Bracket_Gusset.step,True,G01,selected_pre_registered_manual_stratum,f96e89c85cc84ba2b5d7a87e50b27c6432ed64dde60ee14a70cb1df38743d4f0
10,GrabCAD,G02_Slotted_Adjustment_Bracket.step,G02_Slotted_Adjustment_Bracket.step,True,G02,selected_pre_registered_manual_stratum,5d44c7884afa3b52e65ae572c52823d5826b36ba57f3eadea41c26d64a90894e
11,GrabCAD,G03_Flanged_Elbow_50mm.step,G03_Flanged_Elbow_50mm.step,True,G03,selected_pre_registered_manual_stratum,60a2e3d6bb15c9866b62cc2c97a84faf785163b321e6cde51246b1ce4ddb9f01
12,GrabCAD,G04_Gate_Valve_Body_2in.step,G04_Gate_Valve_Body_2in.step,True,G04,selected_pre_registered_manual_stratum,ab9e29fe5942ddf927267ecfc3ac5ee194f263aee6a3dc4957fd2e20e882c0cb
13,GrabCAD,G05_Jet_Impeller.step,G05_Jet_Impeller.step,True,G05,selected_pre_registered_manual_stratum,a022fd92a470634866f5ee216757731cd7060e2e21318fd86b78566781b9bed9
14,NIST,NIST-PMI-STEP-Files/AP203 geometry only/nist_ctc_01_asme1_rd.stp,nist_ctc_01_asme1_rd.stp,False,,excluded_duplicate_geometry_only_ap203_prefer_ap242,
15,NIST,NIST-PMI-STEP-Files/AP203 geometry only/nist_ctc_02_asme1_rc.stp,nist_ctc_02_asme1_rc.stp,False,,excluded_duplicate_geometry_only_ap203_prefer_ap242,
16,NIST,NIST-PMI-STEP-Files/AP203 geometry only/nist_ctc_03_asme1_rc.stp,nist_ctc_03_asme1_rc.stp,False,,excluded_duplicate_geometry_only_ap203_prefer_ap242,
17,NIST,NIST-PMI-STEP-Files/AP203 geometry only/nist_ctc_04_asme1_rd.stp,nist_ctc_04_asme1_rd.stp,False,,excluded_duplicate_geometry_only_ap203_prefer_ap242,
18,NIST,NIST-PMI-STEP-Files/AP203 geometry only/nist_ctc_05_asme1_rd.stp,nist_ctc_05_asme1_rd.stp,False,,excluded_duplicate_geometry_only_ap203_prefer_ap242,
19,NIST,NIST-PMI-STEP-Files/AP203 geometry only/nist_ftc_06_asme1_rd.stp,nist_ftc_06_asme1_rd.stp,False,,excluded_duplicate_geometry_only_ap203_prefer_ap242,
20,NIST,NIST-PMI-STEP-Files/AP203 geometry only/nist_ftc_07_asme1_rd.stp,nist_ftc_07_asme1_rd.stp,False,,excluded_duplicate_geometry_only_ap203_prefer_ap242,
21,NIST,NIST-PMI-STEP-Files/AP203 geometry only/nist_ftc_08_asme1_rc.stp,nist_ftc_08_asme1_rc.stp,False,,excluded_duplicate_geometry_only_ap203_prefer_ap242,
22,NIST,NIST-PMI-STEP-Files/AP203 geometry only/nist_ftc_09_asme1_rd.stp,nist_ftc_09_asme1_rd.stp,False,,excluded_duplicate_geometry_only_ap203_prefer_ap242,
23,NIST,NIST-PMI-STEP-Files/AP203 geometry only/nist_ftc_10_asme1_rb.stp,nist_ftc_10_asme1_rb.stp,False,,excluded_duplicate_geometry_only_ap203_prefer_ap242,
24,NIST,NIST-PMI-STEP-Files/AP203 geometry only/nist_ftc_11_asme1_rb.stp,nist_ftc_11_asme1_rb.stp,False,,excluded_duplicate_geometry_only_ap203_prefer_ap242,
25,NIST,NIST-PMI-STEP-Files/AP203 with PMI/nist_ctc_01_asme1_ap203.stp,nist_ctc_01_asme1_ap203.stp,False,,excluded_duplicate_ap203_pmi_prefer_ap242,
26,NIST,NIST-PMI-STEP-Files/AP203 with PMI/nist_ctc_02_asme1_ap203.stp,nist_ctc_02_asme1_ap203.stp,False,,excluded_duplicate_ap203_pmi_prefer_ap242,
27,NIST,NIST-PMI-STEP-Files/AP203 with PMI/nist_ctc_03_asme1_ap203.stp,nist_ctc_03_asme1_ap203.stp,False,,excluded_duplicate_ap203_pmi_prefer_ap242,
28,NIST,NIST-PMI-STEP-Files/AP203 with PMI/nist_ctc_04_asme1_ap203.stp,nist_ctc_04_asme1_ap203.stp,False,,excluded_duplicate_ap203_pmi_prefer_ap242,
29,NIST,NIST-PMI-STEP-Files/AP203 with PMI/nist_ctc_05_asme1_ap203.stp,nist_ctc_05_asme1_ap203.stp,False,,excluded_duplicate_ap203_pmi_prefer_ap242,
30,NIST,NIST-PMI-STEP-Files/nist_ctc_01_asme1_ap242-e1.stp,nist_ctc_01_asme1_ap242-e1.stp,True,N06,selected_pre_registered_stc_ctc_core_or_ftc11_replacement,85a5752da05f53c456ca3a9e038c90358e1d5a3141d1f0d6e5f0970f2356e821
31,NIST,NIST-PMI-STEP-Files/nist_ctc_02_asme1_ap242-e2.stp,nist_ctc_02_asme1_ap242-e2.stp,True,N07,selected_pre_registered_stc_ctc_core_or_ftc11_replacement,99a0a2079ddeb64d05c2432cbe931fa17c89da60d8b0bcb0b11bd0ed94fa2e68
32,NIST,NIST-PMI-STEP-Files/nist_ctc_03_asme1_ap242-e2.stp,nist_ctc_03_asme1_ap242-e2.stp,True,N08,selected_pre_registered_stc_ctc_core_or_ftc11_replacement,196b665776e759282f80fc8fb27d7bceb995df77cf78b7ce48347535a4d6cb5f
33,NIST,NIST-PMI-STEP-Files/nist_ctc_04_asme1_ap242-e1.stp,nist_ctc_04_asme1_ap242-e1.stp,True,N09,selected_pre_registered_stc_ctc_core_or_ftc11_replacement,20b43b54ce25d4ed17cff794084c406e831c687f5b62471d3371eef33669e355
34,NIST,NIST-PMI-STEP-Files/nist_ctc_05_asme1_ap242-e1.stp,nist_ctc_05_asme1_ap242-e1.stp,True,N10,selected_pre_registered_stc_ctc_core_or_ftc11_replacement,59bbc09a34621c03106e4c1b2a5bc909fdb67463117c16c4965ee7a6fe5c1521
35,NIST,NIST-PMI-STEP-Files/nist_ftc_06_asme1_ap242-e2.stp,nist_ftc_06_asme1_ap242-e2.stp,False,,excluded_outside_preregistered_stc_ctc_core_single_ftc11_replacement,
36,NIST,NIST-PMI-STEP-Files/nist_ftc_07_asme1_ap242-e2.stp,nist_ftc_07_asme1_ap242-e2.stp,False,,excluded_outside_preregistered_stc_ctc_core_single_ftc11_replacement,
37,NIST,NIST-PMI-STEP-Files/nist_ftc_08_asme1_ap242-e1-tg.stp,nist_ftc_08_asme1_ap242-e1-tg.stp,False,,excluded_outside_preregistered_stc_ctc_core_single_ftc11_replacement,
38,NIST,NIST-PMI-STEP-Files/nist_ftc_08_asme1_ap242-e2.stp,nist_ftc_08_asme1_ap242-e2.stp,False,,excluded_outside_preregistered_stc_ctc_core_single_ftc11_replacement,
39,NIST,NIST-PMI-STEP-Files/nist_ftc_09_asme1_ap242-e1.stp,nist_ftc_09_asme1_ap242-e1.stp,False,,excluded_outside_preregistered_stc_ctc_core_single_ftc11_replacement,
40,NIST,NIST-PMI-STEP-Files/nist_ftc_10_asme1_ap242-e2.stp,nist_ftc_10_asme1_ap242-e2.stp,False,,excluded_outside_preregistered_stc_ctc_core_single_ftc11_replacement,
41,NIST,NIST-PMI-STEP-Files/nist_ftc_11_asme1_ap242-e2.stp,nist_ftc_11_asme1_ap242-e2.stp,True,N11R,selected_pre_registered_stc_ctc_core_or_ftc11_replacement,20a92edf514ae0989d556f9c7b9f065aed741cfbb361b7fe4cb7938a1eb5c232
42,NIST,NIST-PMI-STEP-Files/nist_stc_06_asme1_ap242-e3.stp,nist_stc_06_asme1_ap242-e3.stp,True,N01,selected_pre_registered_stc_ctc_core_or_ftc11_replacement,71777c28da76da0e8a667e4cbe792d5f72c09b5c56440c9744d3d50ca96ecc8d
43,NIST,NIST-PMI-STEP-Files/nist_stc_07_asme1_ap242-e3.stp,nist_stc_07_asme1_ap242-e3.stp,True,N02,selected_pre_registered_stc_ctc_core_or_ftc11_replacement,2dddf9b8894bc241f7ffddf3dc4502baa3d49c374e8784039d14b86473d54832
44,NIST,NIST-PMI-STEP-Files/nist_stc_08_asme1_ap242-e3.stp,nist_stc_08_asme1_ap242-e3.stp,True,N03,selected_pre_registered_stc_ctc_core_or_ftc11_replacement,64f24b914910ce8e20c9e4bd59637b4fd155715c7c7b51689466534ed7db1442
45,NIST,NIST-PMI-STEP-Files/nist_stc_09_asme1_ap242-e3.stp,nist_stc_09_asme1_ap242-e3.stp,True,N04,selected_pre_registered_stc_ctc_core_or_ftc11_replacement,737423afcb223b87d92a4ea7646a97d8d55fb21cc24ba2fb72b952336bcf1fad
46,NIST,NIST-PMI-STEP-Files/nist_stc_10_asme1_ap242-e2.stp,nist_stc_10_asme1_ap242-e2.stp,True,N05,selected_pre_registered_stc_ctc_core_or_ftc11_replacement,fba4f46cab1ce1402362038036884631b4a41afe1c9efc5681d358c39db7ed5f
47,TraceParts,T01_BPFL6-17_AP242.stp,T01_BPFL6-17_AP242.stp,True,T01,selected_pre_registered_manual_stratum,3010f05fdc8e6722728f1444260780b24edb5ba9ba1cba759eee0ada7955e1fd
48,TraceParts,T02_MAS-3000-EL90-P12_AP242.stp,T02_MAS-3000-EL90-P12_AP242.stp,True,T02,selected_pre_registered_manual_stratum,d3f4876b2f4660daaba091e27a40159aa55b30014d88913fae61b7f5bd976452
49,TraceParts,T03_5EFL008REM_AP242.stp,T03_5EFL008REM_AP242.stp,True,T03,selected_pre_registered_manual_stratum,5f4e1fd4987f71c4cb6b42ba209bf8e36c1a8fdb0b3cfcf4247ccb62136b426a
50,TraceParts,T04_L2103AAWR-A_AP242.stp,T04_L2103AAWR-A_AP242.stp,True,T04,selected_pre_registered_manual_stratum,b474ac801743adce2e7517120f0cd89911ccffa4a3deb2a921b121b08db3b211
