corpus_id,source_group,model_name,runner_status,tool_ok,resolution,active_cells,oracle_diagnostic_certified,oracle_diagnostic_coverage,bound_violations,outside_cell_vertices,median_normal_angle_error_degrees,p95_normal_angle_error_degrees,median_root_position_error_cell_units,p95_root_position_error_cell_units,median_bound_cell_units,p95_bound_cell_units,median_measured_displacement_cell_units,p95_measured_displacement_cell_units,baseline_vertices,baseline_triangles,baseline_boundary_edges,baseline_nonmanifold_edges,baseline_mean_surface_error_cell_units,baseline_max_surface_error_cell_units,fallback_mean_surface_error_cell_units,fallback_max_surface_error_cell_units,pipeline_elapsed_seconds,input_path
C01,3D ContentCentral,Nomo UCF3 flange bearing housing,completed,True,32,3860,1098,0.2844559585492228,0,398,1.4754974508831529,43.5329911817567,2.3342987924996283e-05,0.09554822675465145,7.911740344939753,86.01084549360363,0.07110033308533496,0.47524653128286976,3860,7840,0,52,0.03929138878798219,0.7756575417643322,0.23398174216702178,0.7909090909090911,0.2775379579998116,${GRADIENT_QEF_CAD_ROOT}/3DContentCentral/C01_UCF_305/C01_UCF_305_AP203.step
C02,3D ContentCentral,item Angle Bracket,completed,True,32,6355,3058,0.4811959087332809,0,633,0.006080119897437718,34.321788929693575,1.284388625511686e-05,0.0232472781420072,0.766916959793086,61.234953125283646,0.006496336077538143,0.38904140531481596,6355,12760,0,17,0.027506850960513345,0.5209255858302854,0.17516657105867653,0.8141887088870904,0.390367874999356,${GRADIENT_QEF_CAD_ROOT}/3DContentCentral/C02_Angle_Bracket_0_0_003_20/C02_Angle_Bracket_0_0_003_20_AP203.step
C03,3D ContentCentral,SOLIDWORKS Part Reviewer Mounting Bracket,completed,True,32,114,0,0,0,30,26.50279166428062,78.47301957763554,0.020022844018598055,0.10739818860991308,67.91428724266889,157.8378817920551,0.3714728644528006,0.6741095118108615,114,192,0,3,0.08803550840555706,0.5191096702489288,0.3592937905429662,0.7972493198303717,0.36066037499949744,${GRADIENT_QEF_CAD_ROOT}/3DContentCentral/C03_Moderate_Mounting_Bracket/C03_Moderate_Mounting_Bracket_AP214.step
C04,3D ContentCentral,VSI 2.5-inch S7215 2-Way Ball Valve,completed,True,32,1193,0,0,0,345,23.141641768396262,79.0275113758601,0.03197696105272066,0.1994899181958129,64.0755318805755,192.52317100830575,0.377231795054433,1.245184146639646,1193,2520,0,41,0.11954383273348043,1.2030962676167463,0.28251704701927577,0.8099261885850675,24.89157254100064,${GRADIENT_QEF_CAD_ROOT}/3DContentCentral/C04_S7215_2_5/C04_S7215_2_5_AP214.step
D02,3Dfindit,norelem fixed bearing flange unit,completed,True,32,7037,915,0.130027000142106,0,975,5.21826060405576,44.91773540597678,0.00034593803965844385,0.1248434475955422,13.089790040964141,109.30305337219295,0.13604045261039702,0.6094162166579009,7037,14272,0,79,0.04868233768123527,0.6279379362913348,0.25912467667561756,0.7831124391404768,0.3638440000013361,${GRADIENT_QEF_CAD_ROOT}/3Dfindit/D02_24080-010/D02_24080-010_AP242.stp
G01,GrabCAD,L-Bracket with Triangular Gusset,completed,True,32,1447,178,0.12301313061506565,0,198,10.29770158871207,44.28709126293439,0.00023503535735783161,0.1661538461538454,26.704445921382455,87.45186353149377,0.19227504525371147,0.5522935938314872,1447,2888,0,1,0.06628401399572875,0.377246069577654,0.2572107652024915,0.8187070238913511,0.20681208399946627,${GRADIENT_QEF_CAD_ROOT}/GrabCAD/G01_L_Bracket_Gusset/G01_L_Bracket_Gusset.step
G02,GrabCAD,Multi-Purpose Slotted Adjustment Bracket,completed,True,32,3438,1548,0.450261780104712,0,243,0.0051149993426004,34.694837248031185,1.8659238454592587e-14,0.06619261770228788,3.5688023328386516,63.60739602847631,0.026999392001200113,0.3792877309141316,3438,6952,0,28,0.031590991650434906,0.2413066649108004,0.18636092635887627,0.7477385723793406,0.1852506249997532,${GRADIENT_QEF_CAD_ROOT}/GrabCAD/G02_Slotted_Adjustment_Bracket/G02_Slotted_Adjustment_Bracket.step
G03,GrabCAD,50 mm 90-Degree Flanged Pipe Elbow,completed,True,32,3131,152,0.04854679016288726,0,650,7.516289441385032,31.95901064848086,0.007311770811930171,0.21012083123358133,19.343974149066764,64.3975516733338,0.20058670297668202,0.5813596734747667,3131,6840,0,234,0.10059754931721676,0.47375902612895804,0.29036406770843515,0.8234044305094856,0.19384024999999383,${GRADIENT_QEF_CAD_ROOT}/GrabCAD/G03_Flanged_Elbow_50mm/G03_Flanged_Elbow_50mm.step
G04,GrabCAD,Gate Valve Body 2 Inch Class 150,completed,True,32,7109,340,0.04782669855113237,0,813,6.617417850143111,38.203574608330214,0.0026163931787216294,0.12270518899341361,16.384745753821083,71.62094576191441,0.16885365877453154,0.4468236394593956,7109,14484,0,77,0.049254136698612436,0.43452695311304207,0.2880923491973723,0.851444985989421,1.109412791000068,${GRADIENT_QEF_CAD_ROOT}/GrabCAD/G04_Gate_Valve_Body_2in/G04_Gate_Valve_Body_2in.step
N01,NIST,STC-06,completed,True,32,3745,1625,0.43391188251001334,0,516,0.012652073896654471,38.20762536412697,3.438782331310633e-15,0.056462421843163704,6.047529025895744,81.0303854755902,0.06538783138913143,0.49272706127018845,3745,7588,0,39,0.04033069259374373,0.5847796105142843,0.1808744395682965,0.8475781469250098,0.44353804200000013,${LOCAL_PROJECT_ROOT}/g-p-6a39e656c2e8819185c3e09837052bc0/research/topic4_v5/real_cad_experiment/corpus_v1/originals/nist/N01/nist_stc_06_asme1_ap242-e3.stp
N02,NIST,STC-07,completed,True,32,2988,0,0,0,166,2.7882614032422937,56.07431566854472,0.006372149032253102,0.1585769809768416,9.89686547781681,104.64324911828125,0.1071675318788699,0.610021867182111,2988,6004,0,0,0.060185494434485065,0.3514319407687887,0.12727206554871476,0.7068441898598512,0.7970087910016446,${LOCAL_PROJECT_ROOT}/g-p-6a39e656c2e8819185c3e09837052bc0/research/topic4_v5/real_cad_experiment/corpus_v1/originals/nist/N02/nist_stc_07_asme1_ap242-e3.stp
N03,NIST,STC-08,completed,True,32,818,7,0.008557457212713936,0,279,17.41585391161344,48.45186979926299,0.018453923870129275,0.26338693778508154,48.47673244089377,123.64860473642325,0.36542021692028925,1.4946486287422625,818,1676,0,22,0.18177474955323455,0.9504314931155532,0.33905707024979775,0.7618002650850344,0.66492104200006,${LOCAL_PROJECT_ROOT}/g-p-6a39e656c2e8819185c3e09837052bc0/research/topic4_v5/real_cad_experiment/corpus_v1/originals/nist/N03/nist_stc_08_asme1_ap242-e3.stp
N04,NIST,STC-09,completed,True,32,48,16,0.3333333333333333,0,11,4.90583487562848,54.36695297038489,3.051724180535438e-16,8.563017258579015e-14,22.622356673674002,88.95574740495933,0.19252028876482835,0.509609745114949,48,72,0,0,0.06326397475991725,0.3689551935863568,0.2515629756737362,0.5669905062671851,0.5970844170005876,${LOCAL_PROJECT_ROOT}/g-p-6a39e656c2e8819185c3e09837052bc0/research/topic4_v5/real_cad_experiment/corpus_v1/originals/nist/N04/nist_stc_09_asme1_ap242-e3.stp
N05,NIST,STC-10,completed,True,32,1929,152,0.07879730430274753,0,464,15.782428515319523,73.99574787844988,0.007567306146262747,0.1920436380788667,46.28848625876874,186.84982103282235,0.2940008341027635,1.144867837994474,1929,4092,0,103,0.0962356219236208,0.7979048889534074,0.25484424282580354,0.7796265346426993,0.9109614589997364,${LOCAL_PROJECT_ROOT}/g-p-6a39e656c2e8819185c3e09837052bc0/research/topic4_v5/real_cad_experiment/corpus_v1/originals/nist/N05/nist_stc_10_asme1_ap242-e2.stp
N06,NIST,CTC-01,completed,True,32,1164,358,0.3075601374570447,0,321,0,28.225534316159223,0,0.02266143161222801,6.9659230727676515,52.24403238365748,0.06865598211778684,0.4092453907903557,1164,2372,0,4,0.04019406447023573,0.3813187637204305,0.2875263385226237,0.7561728879994434,0.32339083300030325,${LOCAL_PROJECT_ROOT}/g-p-6a39e656c2e8819185c3e09837052bc0/research/topic4_v5/real_cad_experiment/corpus_v1/originals/nist/N06/nist_ctc_01_asme1_ap242-e1.stp
N07,NIST,CTC-02,completed,True,32,3707,82,0.022120312921499866,0,505,10.687000712091228,55.4428592755603,0.004980444632637447,0.14709141399979678,23.658175326373684,122.24231952566036,0.2040150058557725,0.7421325886275579,3707,7464,0,5,0.06513432849063647,0.803445816735924,0.28415216688748,0.8340269451269844,1.6393287499995495,${LOCAL_PROJECT_ROOT}/g-p-6a39e656c2e8819185c3e09837052bc0/research/topic4_v5/real_cad_experiment/corpus_v1/originals/nist/N07/nist_ctc_02_asme1_ap242-e2.stp
N08,NIST,CTC-03,completed,True,32,54,0,0,0,20,58.61247926251343,75.95582255775737,1.8735285696113954e-15,4.5447296484811896e-15,124.22545078414615,199.60465471643232,0.5286022942624726,0.7258175622579437,54,92,0,1,0.22126080009039292,0.7248738189460335,0.4362438157651015,0.5085535152869356,0.28650170900073135,${LOCAL_PROJECT_ROOT}/g-p-6a39e656c2e8819185c3e09837052bc0/research/topic4_v5/real_cad_experiment/corpus_v1/originals/nist/N08/nist_ctc_03_asme1_ap242-e2.stp
N09,NIST,CTC-04,completed,True,32,1681,18,0.010707911957168352,0,278,22.98428539379797,67.68873924606275,0.04078953105048904,0.1921769353223815,58.470927796730116,172.44441869845758,0.3470044807134437,1.0424196223398714,1681,3424,0,25,0.1052989256995936,0.5848900103277621,0.20234979190386665,0.7673887615990729,1.0149591249992227,${LOCAL_PROJECT_ROOT}/g-p-6a39e656c2e8819185c3e09837052bc0/research/topic4_v5/real_cad_experiment/corpus_v1/originals/nist/N09/nist_ctc_04_asme1_ap242-e1.stp
N10,NIST,CTC-05,completed,True,32,3168,517,0.16319444444444445,0,467,5.315268308008085,40.28719686975946,0.00019241271510590352,0.10822833057939968,15.080062870451467,89.43069487340568,0.14821529724602495,0.5842855816618051,3168,6408,0,18,0.05042308949155828,0.5626201185701761,0.249515812149597,0.818674898580637,0.4316476669991971,${LOCAL_PROJECT_ROOT}/g-p-6a39e656c2e8819185c3e09837052bc0/research/topic4_v5/real_cad_experiment/corpus_v1/originals/nist/N10/nist_ctc_05_asme1_ap242-e1.stp
N11R,NIST,FTC-11 replacement,completed,True,32,1085,235,0.21658986175115208,0,290,5.688611048587791,34.69178152631354,0.003257277965771926,0.049678191871347234,18.594712269861102,96.62251621427892,0.19229374621319767,1.73135447297547,1085,2176,0,32,0.10403063796388753,0.4395537691317281,0.2774456794690588,0.774038567349505,0.27538129099957587,${LOCAL_PROJECT_ROOT}/g-p-6a39e656c2e8819185c3e09837052bc0/research/topic4_v5/real_cad_experiment/corpus_v1/originals/nist/N11R/nist_ftc_11_asme1_ap242-e2.stp
T02,TraceParts,Lokring 90-degree elbow,completed,True,32,3562,0,0,0,918,10.951579843080799,54.93770733118236,0.008181059047344202,0.1712191977711784,32.83394680196547,129.78182103547982,0.21317153237863473,0.8255581810196999,3562,7440,0,158,0.08384801050398485,0.5417248364059719,0.3061108224517658,0.8527050118417356,0.2298038329990959,${GRADIENT_QEF_CAD_ROOT}/TraceParts/T02_MAS-3000-EL90-P12/T02_MAS-3000-EL90-P12_AP242.stp
T03,TraceParts,Stafford Flange Adapter Max,completed,True,32,5067,1165,0.22991908427077165,0,620,2.6066869014314253,46.496765849971815,0.00023553761082350448,0.1469088053221167,7.319909650360684,104.37759551976944,0.07057884559670093,0.5908656926893137,5067,10188,0,23,0.04485679078396426,0.5982073939558672,0.24727585575444838,0.7771691095863259,0.44808200000079523,${GRADIENT_QEF_CAD_ROOT}/TraceParts/T03_5EFL008REM/T03_5EFL008REM_AP242.stp
F001,Fusion360Gallery,21225_c081eae3_21,completed,True,24,874,350,0.40045766590389015,0,144,0.008513570996617675,39.11752316175354,7.591895305214535e-06,0.1547666272053702,9.29626488942316,85.50449795490545,0.10604921019832764,0.4730215214556122,874,1752,0,2,0.07867269072734458,0.5323366198929238,0.2260766292166015,0.6050885189928126,0.11767629199857765,${GRADIENT_QEF_CAD_ROOT}/Fusion360Gallery/s2.0.1_extended_step/sample_500/step/21225_c081eae3_21.stp
F002,Fusion360Gallery,24650_dad8c8ee_9,completed,True,24,198,0,0,0,47,3.8304033355690406,8.600539579415543,0.006318691104299435,0.06346267736712613,6.32029797467521,42.26920721524329,0.06541481849809862,0.1145101920215253,198,392,0,0,0.09948740625714074,0.2923193613011707,0.3247051127475469,0.6430439933749288,0.0761504590009281,${GRADIENT_QEF_CAD_ROOT}/Fusion360Gallery/s2.0.1_extended_step/sample_500/step/24650_dad8c8ee_9.stp
F003,Fusion360Gallery,78606_53ee0da2_1,completed,True,24,1800,0,0,0,72,1.955371154248148,8.492064492954809,0.0009583009328682955,0.029750798181819294,3.6054040210216236,27.92258760424897,0.03937569979496336,0.1411093091523357,1800,3600,0,0,0.020654094172739054,0.11797583349641058,0.32768564610985473,0.535534527104605,0.13921824999852106,${GRADIENT_QEF_CAD_ROOT}/Fusion360Gallery/s2.0.1_extended_step/sample_500/step/78606_53ee0da2_1.stp
F004,Fusion360Gallery,38287_88ec74de_86,completed,True,24,1088,0,0,0,174,6.164834939241738,15.336021951959356,0.010811716589436169,0.1930969651431617,10.957239741768657,45.157302843388074,0.1934474164207008,0.7318373847266716,1088,2352,0,92,0.08949720058564448,0.5582437667817999,0.30580447716802933,0.6685760335866794,0.11357220900026732,${GRADIENT_QEF_CAD_ROOT}/Fusion360Gallery/s2.0.1_extended_step/sample_500/step/38287_88ec74de_86.stp
F005,Fusion360Gallery,40524_7b7ca640_8,completed,True,24,2240,574,0.25625,0,304,0.9725442084712272,11.596034858531704,0.0002715715447493994,0.010299308641642944,1.9526960889751346,35.44243452084834,0.013301234398432234,0.17731782604755475,2240,4488,0,6,0.019248158015963357,0.2768712953473296,0.2830106272928259,0.8603584693250844,0.19552791599926422,${GRADIENT_QEF_CAD_ROOT}/Fusion360Gallery/s2.0.1_extended_step/sample_500/step/40524_7b7ca640_8.stp
F006,Fusion360Gallery,23685_4e489619_4,completed,True,24,395,1,0.002531645569620253,0,132,27.198415226242464,77.20873359868851,0.048549669132106704,0.2219611402731473,69.95548702441673,179.1086072692484,0.36874606614797006,0.9847455241448801,395,792,0,20,0.1304072914099735,0.7311803781389457,0.3138453718223539,0.8429993168261816,0.1707195409999258,${GRADIENT_QEF_CAD_ROOT}/Fusion360Gallery/s2.0.1_extended_step/sample_500/step/23685_4e489619_4.stp
F007,Fusion360Gallery,125152_65ed33fd_17,completed,True,24,410,0,0,0,32,3.9158536505044035,30.094605067471722,0.006045771709028186,0.10203912933370043,6.499510632533825,45.523105179114594,0.07179954173215561,0.43337237356593256,410,816,0,0,0.051469367062705426,0.6705153454857636,0.31356007924757257,0.8367160066680792,0.16943820800042886,${GRADIENT_QEF_CAD_ROOT}/Fusion360Gallery/s2.0.1_extended_step/sample_500/step/125152_65ed33fd_17.stp
F008,Fusion360Gallery,23035_6087bb57_5,completed,True,24,432,141,0.3263888888888889,0,68,0.7028159655646453,43.3786339491547,3.624159774613951e-15,0.02831422971550199,42.15165939726182,92.98459065442023,0.14519345475614032,0.4699822071846532,432,860,0,0,0.028923402655365898,0.4821116054004479,0.33198394021911753,0.6873772369586307,0.07418808299917146,${GRADIENT_QEF_CAD_ROOT}/Fusion360Gallery/s2.0.1_extended_step/sample_500/step/23035_6087bb57_5.stp
F009,Fusion360Gallery,24890_5f8a67df_14,completed,True,24,70,0,0,0,24,9.830353812101318,11.493997433141237,6.661338147750939e-17,1.067893742893049e-15,12.132490836940434,16.741484974911327,0.09931799403316993,0.2087821792152986,70,108,0,1,0.02985486159041527,0.0990383245554178,0.40743155171235695,0.600699335955737,0.08468641699982982,${GRADIENT_QEF_CAD_ROOT}/Fusion360Gallery/s2.0.1_extended_step/sample_500/step/24890_5f8a67df_14.stp
F010,Fusion360Gallery,131656_7da36cb9_0,completed,True,24,3181,1739,0.5466834328827412,0,398,0.0018674779009183408,30.723405150625776,2.752921075221714e-06,0.07129680498060083,0.013020349375851243,71.1086870713106,9.536000720959876e-05,0.529985669347812,3181,6424,0,31,0.023379169367912876,0.33512232532572245,0.14063313741475506,0.825408126405479,0.11171241699958046,${GRADIENT_QEF_CAD_ROOT}/Fusion360Gallery/s2.0.1_extended_step/sample_500/step/131656_7da36cb9_0.stp
F011,Fusion360Gallery,119787_9a55dfa9_11,completed,True,24,892,660,0.7399103139013453,0,68,0,33.690403589215585,2.398081733190338e-15,2.9205167505708115e-06,1.9884512677538878e-05,54.42328854853736,2.3076570284461204e-07,0.3826728783163426,892,1780,0,0,0.018285064432103974,0.06285505781200448,0.11316623898930467,0.5830951894845311,0.08523058299942932,${GRADIENT_QEF_CAD_ROOT}/Fusion360Gallery/s2.0.1_extended_step/sample_500/step/119787_9a55dfa9_11.stp
F012,Fusion360Gallery,22670_9353c710_3,completed,True,24,264,2,0.007575757575757576,0,125,10.82053153966309,40.493673788522415,1.1799562773976032e-14,0.1789321367393335,14.70819685334379,88.21810647023455,0.16377991696454625,0.7741049526472317,264,516,0,4,0.11978483588650284,0.7341637178131055,0.3590581750182463,0.7835265246258585,0.09352208299969789,${GRADIENT_QEF_CAD_ROOT}/Fusion360Gallery/s2.0.1_extended_step/sample_500/step/22670_9353c710_3.stp
F013,Fusion360Gallery,32960_0eaa1de8_9,completed,True,24,508,0,0,0,82,5.733867121262269,52.48240451589593,0.02065410137607028,0.21720636899572243,20.211933444409674,125.6601284344087,0.12736818983657955,0.6732875660835499,508,1136,0,69,0.08034284204824506,0.48970509584331584,0.34669723927714696,0.7813118729032851,0.08869650000087859,${GRADIENT_QEF_CAD_ROOT}/Fusion360Gallery/s2.0.1_extended_step/sample_500/step/32960_0eaa1de8_9.stp
F014,Fusion360Gallery,34782_b461066c_3,completed,True,24,354,218,0.615819209039548,0,37,0,16.918077715756546,6.04495275849483e-16,6.00789780897834e-15,1.9649189725351812e-13,43.52928371435048,1.343323142666475e-16,0.26298405867581703,354,708,0,4,0.020906718505931485,0.22324382274672758,0.12572596360711538,0.664729007619543,0.09419149999848742,${GRADIENT_QEF_CAD_ROOT}/Fusion360Gallery/s2.0.1_extended_step/sample_500/step/34782_b461066c_3.stp
F015,Fusion360Gallery,137166_90691294_15,completed,True,24,805,387,0.48074534161490684,0,94,0.003279203887809477,41.35875567605963,2.4457182613372133e-15,0.08037584602642482,2.020746309347212,86.54598393776753,0.01160965453884478,0.4105541823679448,805,1612,0,3,0.030268027176891223,0.20633917618254233,0.19082358140093764,0.61661422370468,0.08285370799967495,${GRADIENT_QEF_CAD_ROOT}/Fusion360Gallery/s2.0.1_extended_step/sample_500/step/137166_90691294_15.stp
F016,Fusion360Gallery,21852_6cf9a734_3,completed,True,24,2912,158,0.05425824175824176,0,303,5.225124967241868,35.34631286901544,0.0036362755594761516,0.21674305440457822,14.11916693311461,61.78567223560274,0.13596446995716005,0.44026704391087373,2912,6188,0,174,0.06288336216596604,0.44418540964905134,0.2684159842224064,0.848814451015908,0.1414063750016794,${GRADIENT_QEF_CAD_ROOT}/Fusion360Gallery/s2.0.1_extended_step/sample_500/step/21852_6cf9a734_3.stp
F017,Fusion360Gallery,145530_0a838de7_5,completed,True,24,1871,1529,0.8172100481026189,0,137,0,18.435407108799335,2.383232787117382e-15,4.6762404015112875e-15,1.4124764342619714e-13,34.508781884217214,2.065015711480844e-15,0.29786607381778857,1871,3648,0,51,0.02114519336712697,0.547673601278774,0.06414605724496458,0.6794115100585194,0.7703995000010764,${GRADIENT_QEF_CAD_ROOT}/Fusion360Gallery/s2.0.1_extended_step/sample_500/step/145530_0a838de7_5.stp
F018,Fusion360Gallery,21242_6c2af7c2_5,completed,True,24,2675,461,0.17233644859813085,0,348,1.9674536629932398,33.04538303155978,0.00019674958100728988,0.035208855133125036,3.3290542390703894,68.5319393708103,0.03536353044756844,0.2906249742275843,2675,5360,0,5,0.021782067282844892,0.20415827943196174,0.28745358729268317,0.7974557337346764,0.14250095799980045,${GRADIENT_QEF_CAD_ROOT}/Fusion360Gallery/s2.0.1_extended_step/sample_500/step/21242_6c2af7c2_5.stp
F019,Fusion360Gallery,32220_1fd19c5e_36,completed,True,24,670,127,0.18955223880597014,0,143,5.6441920147098745,43.55547840250362,1.3460065144547974e-14,0.23519772412984918,38.05641463716235,81.39778393681887,0.13223737290081658,0.47186868594374676,670,1336,0,0,0.037630462291421085,0.2157018276024292,0.30093316999225583,0.5958042685632222,0.09240529099952255,${GRADIENT_QEF_CAD_ROOT}/Fusion360Gallery/s2.0.1_extended_step/sample_500/step/32220_1fd19c5e_36.stp
F020,Fusion360Gallery,123094_af46c5e1_20,completed,True,24,437,0,0,0,130,13.864142721925433,43.72694095194606,5.302190522707378e-05,0.12409524603898933,28.45735893198799,70.97173476401893,0.22556411288945155,0.4207010727661397,437,880,0,5,0.1072213692300744,0.33450975544545053,0.3069283542570362,0.7344912876222577,0.08456808299888507,${GRADIENT_QEF_CAD_ROOT}/Fusion360Gallery/s2.0.1_extended_step/sample_500/step/123094_af46c5e1_20.stp
F021,Fusion360Gallery,138423_553700e1_4,completed,True,24,289,6,0.020761245674740483,0,64,3.467515261416434,51.054498447852225,0.00799418508840026,0.24851156407342015,11.613371356813474,131.62779971841573,0.10657821329006456,0.7016862274986879,289,584,0,6,0.059906768250704005,0.42254713997649196,0.32254822815784095,0.8623578066709323,0.12726675000158139,${GRADIENT_QEF_CAD_ROOT}/Fusion360Gallery/s2.0.1_extended_step/sample_500/step/138423_553700e1_4.stp
F022,Fusion360Gallery,21641_83f43fad_2,completed,True,24,604,98,0.16225165562913907,0,8,2.400606721822925,5.473593035488747,0.008122155893288008,0.01426277698353819,4.885040218652387,28.25809214461016,0.051356885471485814,0.12846501211867514,604,1204,0,0,0.033621380886495675,0.059650766527384255,0.28438263516125317,0.5469498116575015,0.08069845799946052,${GRADIENT_QEF_CAD_ROOT}/Fusion360Gallery/s2.0.1_extended_step/sample_500/step/21641_83f43fad_2.stp
F023,Fusion360Gallery,38287_88ec74de_73,completed,True,24,1305,62,0.0475095785440613,0,277,4.926762797061466,27.049893954913664,0.0002630732440844477,0.023352570391290798,9.896388518657707,47.973341537802696,0.10330126594298844,0.3382008067252233,1305,2616,0,3,0.042760204328149365,0.2558113739982412,0.3363650774013366,0.8597732381319385,0.09457649999967543,${GRADIENT_QEF_CAD_ROOT}/Fusion360Gallery/s2.0.1_extended_step/sample_500/step/38287_88ec74de_73.stp
F024,Fusion360Gallery,29845_053c4c5b_4,completed,True,24,1288,0,0,0,176,3.932947576830742,39.395156274760254,0.0005755411747965946,0.11132266805352325,17.182937920752664,62.66574774803859,0.1616847792361126,0.39988658817816847,1288,2576,0,0,0.03932296795911254,0.27722096040821553,0.3230807831956234,0.8318745209749335,0.1387505409984442,${GRADIENT_QEF_CAD_ROOT}/Fusion360Gallery/s2.0.1_extended_step/sample_500/step/29845_053c4c5b_4.stp
F025,Fusion360Gallery,53078_b592f2bd_13,completed,True,24,1013,134,0.13228035538005922,0,198,9.064141017048861,42.11829906824894,0.00020207945679766588,0.21589129697752593,19.84336252064611,105.1040529147577,0.17774257714967914,0.7911908189720565,1013,2040,0,7,0.056732460616276854,0.3791119923757035,0.23066650728254198,0.8003607818106414,0.12033695899845043,${GRADIENT_QEF_CAD_ROOT}/Fusion360Gallery/s2.0.1_extended_step/sample_500/step/53078_b592f2bd_13.stp
F026,Fusion360Gallery,23418_18c3b38d_5,completed,True,24,1881,166,0.08825093035619351,0,321,3.6160837486449795,33.803831593417236,0.0004577721492768286,0.029274556030878474,6.975441612500545,59.0835158742743,0.06902277041617494,0.3961720631485781,1881,3772,0,5,0.026459638780951065,0.13633198126521612,0.33835301405542234,0.8080568503522161,0.11597316599909391,${GRADIENT_QEF_CAD_ROOT}/Fusion360Gallery/s2.0.1_extended_step/sample_500/step/23418_18c3b38d_5.stp
F027,Fusion360Gallery,76880_9bb28e72_11,completed,True,24,16,4,0.25,0,4,58.95416745369893,67.30309193070266,1.0754168554969841e-15,4.2677101591175305e-15,68.72658522326957,147.86718041437953,0.3283638530141957,0.6312758205791194,16,24,0,0,0.15173134990091844,0.5996294218486475,0.28462202034871653,0.630056665780651,0.08518254199952935,${GRADIENT_QEF_CAD_ROOT}/Fusion360Gallery/s2.0.1_extended_step/sample_500/step/76880_9bb28e72_11.stp
F028,Fusion360Gallery,23676_52069f98_21,completed,True,24,2931,205,0.06994199931763903,0,335,2.8739947758980575,18.9122526790921,0.0004480579689168183,0.01977777262624056,6.164114475522589,44.92792364027598,0.056103382276433765,0.27532993753562673,2931,5868,0,5,0.02618899381167371,0.18435985643461794,0.3269203396275696,0.8472553175597367,0.13755329200103006,${GRADIENT_QEF_CAD_ROOT}/Fusion360Gallery/s2.0.1_extended_step/sample_500/step/23676_52069f98_21.stp
F029,Fusion360Gallery,54516_ac9e2ef4_16,completed,True,24,3320,649,0.19548192771084338,0,386,2.0095882515787102,27.147075978450342,3.6057138340975174e-05,0.01429063361786798,2.9229408855749064,49.651793632679826,0.026794526650691916,0.33298371919231395,3320,6672,0,18,0.02646190671926812,0.45512624544416963,0.2909959254821879,0.7474465846835714,0.14173304200085113,${GRADIENT_QEF_CAD_ROOT}/Fusion360Gallery/s2.0.1_extended_step/sample_500/step/54516_ac9e2ef4_16.stp
F030,Fusion360Gallery,138756_a39897f4_0,completed,True,24,198,0,0,0,79,32.03400771561815,69.25873717121425,9.692350002068825e-05,0.1664972130141796,83.79516032874301,162.71061145971936,0.4286031197512817,0.8618067896417009,198,360,0,0,0.12906912788247762,0.7862977029627474,0.31554775028703214,0.8101144993133356,0.12078425000072457,${GRADIENT_QEF_CAD_ROOT}/Fusion360Gallery/s2.0.1_extended_step/sample_500/step/138756_a39897f4_0.stp
F031,Fusion360Gallery,54073_7d8cdd04_1,completed,True,24,1528,661,0.4325916230366492,0,160,0.003291465582287662,22.791655156381584,1.0780109384974052e-05,0.01414030366657953,1.5759286408859547,43.94836879100644,0.010220592103009593,0.31932970588539505,1528,3052,0,0,0.02258436381586011,0.3276755032516039,0.1738944700826611,0.7433912088153872,0.10403758299980836,${GRADIENT_QEF_CAD_ROOT}/Fusion360Gallery/s2.0.1_extended_step/sample_500/step/54073_7d8cdd04_1.stp
F032,Fusion360Gallery,50927_e458e13b_0,completed,True,24,112,0,0,0,28,1.2166253818702453,38.44848525578904,0.03507246450511235,0.11891784164306314,2.85454046745478,102.61194100986486,0.1136367534528725,0.4814558379114507,112,220,0,0,0.2556590139251677,0.74400789382532,0.2636066299614677,0.6187774693313204,0.0767039999991539,${GRADIENT_QEF_CAD_ROOT}/Fusion360Gallery/s2.0.1_extended_step/sample_500/step/50927_e458e13b_0.stp
F033,Fusion360Gallery,130757_b2c47f8d_9,completed,True,24,1499,283,0.1887925283522348,0,342,8.590716861760857,67.91491985775525,0.00010514178884695114,0.27727574240693503,29.63621067003257,160.6672198058079,0.21833727188143257,1.0206871576753687,1499,3032,0,34,0.0863168425169162,1.0203073340727171,0.270885689152442,0.8077282614698387,0.22985483299999032,${GRADIENT_QEF_CAD_ROOT}/Fusion360Gallery/s2.0.1_extended_step/sample_500/step/130757_b2c47f8d_9.stp
F034,Fusion360Gallery,35145_a3d7363c_11,no_zero_crossing_at_resolution,False,24,,,,,,,,,,,,,,,,,,,,,,0.10100708299978578,${GRADIENT_QEF_CAD_ROOT}/Fusion360Gallery/s2.0.1_extended_step/sample_500/step/35145_a3d7363c_11.stp
F035,Fusion360Gallery,22711_33843a5d_15,completed,True,24,576,16,0.027777777777777776,0,84,4.948408895344614,43.92212844677111,0.004953175826582236,0.08611893381097051,7.095755417727636,95.41558749985253,0.10931630032684886,0.5313495802428845,576,1148,0,0,0.05035330299213988,0.21863578287140104,0.231862743414,0.5997501929316944,0.09249808400090842,${GRADIENT_QEF_CAD_ROOT}/Fusion360Gallery/s2.0.1_extended_step/sample_500/step/22711_33843a5d_15.stp
F036,Fusion360Gallery,100112_bc0a563a_4,completed,True,24,1541,843,0.5470473718364698,0,127,0.0010976796618789877,27.702636701468382,9.885336289272572e-06,0.005218976393042236,0.010287932861886747,48.71576589668801,0.00013728830561094207,0.3522525811302885,1541,3080,0,1,0.021143961332622807,0.12153391615317419,0.1761558176149096,0.8275748253550785,0.08567500000026484,${GRADIENT_QEF_CAD_ROOT}/Fusion360Gallery/s2.0.1_extended_step/sample_500/step/100112_bc0a563a_4.stp
F037,Fusion360Gallery,31018_a01ba8e5_6,completed,True,24,52,8,0.15384615384615385,0,11,84.45225656914582,85.84167255263056,3.614351475778187e-15,1.9229473026205373e-14,139.66702435624074,236.15944409838164,0.47448812274165486,0.6880374913245132,52,92,0,0,0.20417850077050587,1.1025201735616097,0.4138890229827473,0.4999999999999998,0.07943599999998696,${GRADIENT_QEF_CAD_ROOT}/Fusion360Gallery/s2.0.1_extended_step/sample_500/step/31018_a01ba8e5_6.stp
F038,Fusion360Gallery,70313_c860c42b_0,completed,True,24,2189,635,0.2900867976244861,0,146,1.582547588461487,34.056943961677476,9.829587240135495e-05,0.06793062094477698,3.938001363144222,56.501787534306665,0.03272269986144461,0.38776872897679315,2189,4408,0,17,0.027960914247713554,0.17932480701501827,0.24453039893069572,0.7621444584747807,0.13572970899986103,${GRADIENT_QEF_CAD_ROOT}/Fusion360Gallery/s2.0.1_extended_step/sample_500/step/70313_c860c42b_0.stp
F039,Fusion360Gallery,48227_390437ae_1,completed,True,24,48,0,0,0,20,16.517202922172974,20.351142093308894,1.3326390094208858e-15,1.3326390094208858e-15,19.758120426536035,34.0633673348577,0.19133054426877147,0.2491458041563681,48,72,0,0,0.14896840074753936,0.44733300088883343,0.33269486519277197,0.6697195694412759,0.14851041700057976,${GRADIENT_QEF_CAD_ROOT}/Fusion360Gallery/s2.0.1_extended_step/sample_500/step/48227_390437ae_1.stp
F040,Fusion360Gallery,148051_c59af578_9,completed,True,24,64,0,0,0,25,41.273312268056465,76.53672358888669,2.710968215929816e-16,1.60227771937431e-14,90.97697809479189,181.9363941757458,0.5160416952428433,0.8328497604854226,64,104,0,2,0.2089902647350465,0.6490543814099102,0.4248031724001222,0.8224714261366111,0.12470387499888602,${GRADIENT_QEF_CAD_ROOT}/Fusion360Gallery/s2.0.1_extended_step/sample_500/step/148051_c59af578_9.stp
F041,Fusion360Gallery,48183_91e0b011_9,completed,True,24,1014,555,0.5473372781065089,0,119,0.002114529412965558,28.110351966324266,2.168774572743853e-15,0.07566465238370063,0.01593549838587749,62.48339716101503,0.0001895939002623553,0.4097058854899644,1014,2032,0,6,0.03213984534206197,0.38988476911382275,0.14138027428399902,0.6865740317088875,0.10337925000021642,${GRADIENT_QEF_CAD_ROOT}/Fusion360Gallery/s2.0.1_extended_step/sample_500/step/48183_91e0b011_9.stp
F042,Fusion360Gallery,44417_dfea0c21_2,completed,True,24,102,0,0,0,35,35.50608270363166,64.15437879765133,1.1066646083414889e-15,0.22213840431704737,60.351326731309186,199.4574286696988,0.4442756288696261,1.4324979232539532,102,192,0,0,0.34723018646017517,1.666460303736448,0.36870943243654664,0.6635091970005392,0.08116983399850142,${GRADIENT_QEF_CAD_ROOT}/Fusion360Gallery/s2.0.1_extended_step/sample_500/step/44417_dfea0c21_2.stp
F043,Fusion360Gallery,24890_5f8a67df_7,completed,True,24,1332,12,0.009009009009009009,0,430,11.862721772345223,47.86104932675888,0.00248036630342797,0.3031751887454741,35.59797354389296,112.91377379225015,0.292983260899103,1.3537103244359898,1332,2816,0,100,0.09029991357808875,0.43822865071979655,0.31903881971779247,0.7803314029327966,0.13568616600059613,${GRADIENT_QEF_CAD_ROOT}/Fusion360Gallery/s2.0.1_extended_step/sample_500/step/24890_5f8a67df_7.stp
F044,Fusion360Gallery,39101_23fec10f_19,completed,True,24,888,79,0.08896396396396396,0,143,5.053850275254874,38.72228621732379,0.00017189902203033252,0.06094658189888873,19.309371029758694,66.73302188719059,0.17206972095357298,0.4298876278013535,888,1788,0,6,0.04290943358137225,0.26731999367686377,0.2905514421406692,0.8209882171059252,0.095690125001056,${GRADIENT_QEF_CAD_ROOT}/Fusion360Gallery/s2.0.1_extended_step/sample_500/step/39101_23fec10f_19.stp
F045,Fusion360Gallery,37016_455093c1_0,completed,True,24,1545,570,0.36893203883495146,0,147,1.3408660607927478,15.803433162121785,2.873502394566721e-07,0.018746325906170182,4.349302547952209,27.950355246815786,0.030077682166414717,0.24073655853907988,1545,3108,0,11,0.02498359461080714,0.137142177283427,0.23667432571746816,0.8335216869477294,0.12881895799910126,${GRADIENT_QEF_CAD_ROOT}/Fusion360Gallery/s2.0.1_extended_step/sample_500/step/37016_455093c1_0.stp
F046,Fusion360Gallery,65842_de75838b_3,completed,True,24,754,672,0.8912466843501327,0,35,0,11.634084527095519,1.926036969219908e-15,4.265337574760008e-15,8.27294551161651e-14,15.517143351433464,1.3322676295516179e-16,0.13799745756407403,754,1388,0,26,0.018502181507384002,0.13207392941971752,0.05944022593964718,0.49999999999999994,0.07681249999950523,${GRADIENT_QEF_CAD_ROOT}/Fusion360Gallery/s2.0.1_extended_step/sample_500/step/65842_de75838b_3.stp
F047,Fusion360Gallery,33499_48ac4df4_1,completed,True,24,308,0,0,0,132,22.55534575241688,55.520131660293536,0.04361004359851456,0.27982674268627755,61.9942913917887,140.43332885131676,0.48624047796421244,1.4480296488330682,308,616,0,24,0.18040192016348175,0.7448655543476496,0.3145449750455473,0.822824197751039,0.09008687499954249,${GRADIENT_QEF_CAD_ROOT}/Fusion360Gallery/s2.0.1_extended_step/sample_500/step/33499_48ac4df4_1.stp
F048,Fusion360Gallery,43681_027a109d_4,completed,True,24,1967,1,0.0005083884087442806,0,675,14.726258404257273,45.42538138348985,0.007004949848528831,0.24901143246964588,46.91531521522915,132.7764823962119,0.33102884461980686,1.107640158596852,1967,4928,0,533,0.1266358690137375,0.5115350506068504,0.32916753550686473,0.8619575669670103,0.15432837499974994,${GRADIENT_QEF_CAD_ROOT}/Fusion360Gallery/s2.0.1_extended_step/sample_500/step/43681_027a109d_4.stp
F049,Fusion360Gallery,51595_41f3d1a3_10,completed,True,24,84,0,0,0,23,1.952478205781932,10.388824168210968,0.01945909252340981,0.05349360456139613,4.473732684918366,14.941891557492388,0.07523838240963268,0.2614411197930747,84,164,0,0,0.29141660831432,0.49143991247874763,0.14565368659487118,0.25485472765119505,0.07953416600139462,${GRADIENT_QEF_CAD_ROOT}/Fusion360Gallery/s2.0.1_extended_step/sample_500/step/51595_41f3d1a3_10.stp
F050,Fusion360Gallery,128052_1650519e_1,completed,True,24,646,4,0.006191950464396285,0,151,10.254223344833246,61.952166446972065,0.014257269865486814,0.10208956415126343,30.201112390411343,122.11299979839458,0.23616986798450307,1.0077095951164259,646,1288,0,0,0.07572631950211907,0.3294235151489885,0.34397537337081924,0.8258635650382661,0.20379741700162413,${GRADIENT_QEF_CAD_ROOT}/Fusion360Gallery/s2.0.1_extended_step/sample_500/step/128052_1650519e_1.stp
F051,Fusion360Gallery,35145_a3d7363c_7,completed,True,24,64,12,0.1875,0,25,24.141288686544595,36.42826750121399,6.975843872547291e-16,1.1387919460011898e-13,35.59466517411727,72.79179291137741,0.2952584201002366,0.4310727644141109,64,112,0,1,0.04763913790958754,0.21452824263588524,0.3173753750234262,0.5000000000000001,0.08087499999965075,${GRADIENT_QEF_CAD_ROOT}/Fusion360Gallery/s2.0.1_extended_step/sample_500/step/35145_a3d7363c_7.stp
F052,Fusion360Gallery,109232_04340d62_2,completed,True,24,36,2,0.05555555555555555,0,12,9.812064766660749,50.937198819885545,1.3322676295501878e-16,5.655472164389629e-15,40.29844959670588,115.41221428646767,0.19822892337008974,0.6169803860331547,36,60,0,0,0.07626651359746668,0.3036034919087925,0.317201620342514,0.5728284044158766,0.1270003749996249,${GRADIENT_QEF_CAD_ROOT}/Fusion360Gallery/s2.0.1_extended_step/sample_500/step/109232_04340d62_2.stp
F053,Fusion360Gallery,53474_f29e4438_14,completed,True,24,342,70,0.2046783625730994,0,109,4.765954719141885,39.29609363609743,9.80780646698975e-14,1.1298154536855282e-13,9.496380307276665,73.83141924396027,0.07974198869445258,0.4335178143711054,342,596,0,4,0.05878080413913286,0.6024127226864616,0.2955812600275456,0.7276441653042424,0.14479558300081408,${GRADIENT_QEF_CAD_ROOT}/Fusion360Gallery/s2.0.1_extended_step/sample_500/step/53474_f29e4438_14.stp
F054,Fusion360Gallery,49317_ba20e582_0,no_zero_crossing_at_resolution,False,24,,,,,,,,,,,,,,,,,,,,,,0.12101220799922885,${GRADIENT_QEF_CAD_ROOT}/Fusion360Gallery/s2.0.1_extended_step/sample_500/step/49317_ba20e582_0.stp
F055,Fusion360Gallery,109637_8b7fe169_2,completed,True,24,1770,0,0,0,167,4.1834693174765505,12.633357976526609,0.0032730096912804603,0.05295000115433786,7.2919656592317725,26.58941542642271,0.08541333190402918,0.22760890404550888,1770,3540,0,0,0.03058856136988366,0.30376423537743236,0.31457249286762456,0.6793745181358942,0.11326083399944764,${GRADIENT_QEF_CAD_ROOT}/Fusion360Gallery/s2.0.1_extended_step/sample_500/step/109637_8b7fe169_2.stp
F056,Fusion360Gallery,45285_dc1f2b6f_3,completed,True,24,668,18,0.02694610778443114,0,42,4.610158785277323,30.704623892400964,0.0021770624316852184,0.03155670144922526,5.923504506974002,95.13834833827654,0.05393789687869164,0.49296182040387515,668,1332,0,0,0.028677415183347987,0.14430523417587507,0.2828527084764021,0.7315926196732051,0.08558645800076192,${GRADIENT_QEF_CAD_ROOT}/Fusion360Gallery/s2.0.1_extended_step/sample_500/step/45285_dc1f2b6f_3.stp
F057,Fusion360Gallery,98989_ce1a2dab_0,completed,True,24,8,0,0,0,3,13.22994655968662,13.22994655968662,1.8376119591501613e-15,1.8376119591501613e-15,17.151458817306526,20.521853496603992,0.1354075409514371,0.18845012849396403,8,12,0,0,0.08973150002853393,0.13606891199061805,0.3560534298689239,0.5631578947368502,0.14059145800092665,${GRADIENT_QEF_CAD_ROOT}/Fusion360Gallery/s2.0.1_extended_step/sample_500/step/98989_ce1a2dab_0.stp
F058,Fusion360Gallery,72090_a3e21840_4,completed,True,24,2488,120,0.04823151125401929,0,229,6.995984887941264,39.34790135790657,0.0007980933025174646,0.1539516416706772,20.69783393630302,89.57025861176277,0.20094185979655274,0.5927482643308873,2488,5040,0,30,0.047946441412593355,0.5092337249300688,0.27814934751665155,0.7663632183015708,0.1369164579991775,${GRADIENT_QEF_CAD_ROOT}/Fusion360Gallery/s2.0.1_extended_step/sample_500/step/72090_a3e21840_4.stp
F059,Fusion360Gallery,41321_43c99300_6,completed,True,24,3866,331,0.08561821003621314,0,200,2.0397030762469512,19.238915541610424,0.00010448043972140904,0.022305862661225872,3.1973912984122133,30.364699079554278,0.029430116619661505,0.27182062399810664,3866,7732,0,0,0.018960592756972337,0.15069954412563333,0.2931072613930549,0.6641418087360803,0.11431754099976388,${GRADIENT_QEF_CAD_ROOT}/Fusion360Gallery/s2.0.1_extended_step/sample_500/step/41321_43c99300_6.stp
F060,Fusion360Gallery,40997_e3c88650_8,completed,True,24,1082,464,0.4288354898336414,0,138,0.009893160859090094,33.66036597818678,4.564005499543367e-06,0.1311987169001927,5.39010259803722,70.58900977446523,0.08880132763512502,0.42398210968865285,1082,2172,0,2,0.052314183209561146,0.7281413809766175,0.1687079772295464,0.7023748227241083,0.10720983400096884,${GRADIENT_QEF_CAD_ROOT}/Fusion360Gallery/s2.0.1_extended_step/sample_500/step/40997_e3c88650_8.stp
F061,Fusion360Gallery,31642_61133335_4,completed,True,24,2929,997,0.3403892113349266,0,206,0.30776803002372044,18.778952492391834,1.4902609391718931e-05,0.010976301560900214,1.7135789807813386,30.334731697472066,0.01033088108954567,0.2665225966171878,2929,5912,0,29,0.01672965355883222,0.13438622448079504,0.22085407885560354,0.6455640440668645,0.09273912499884318,${GRADIENT_QEF_CAD_ROOT}/Fusion360Gallery/s2.0.1_extended_step/sample_500/step/31642_61133335_4.stp
F062,Fusion360Gallery,23267_8ecbbb9e_35,completed,True,24,442,202,0.45701357466063347,0,104,3.678139402931485e-05,40.91438439055067,3.736915707336572e-14,0.07142855546304074,3.9895437853951443,94.30826917058164,0.01778613217888854,0.8041704966915451,442,880,0,0,0.11496813786172458,0.7300316653250011,0.25512153564802553,0.6585389001968652,0.07935583300059079,${GRADIENT_QEF_CAD_ROOT}/Fusion360Gallery/s2.0.1_extended_step/sample_500/step/23267_8ecbbb9e_35.stp
F063,Fusion360Gallery,45178_c1a5b721_0,completed,True,24,48,4,0.08333333333333333,0,10,8.839638735670198,50.74951013542951,5.329070518200751e-16,0.07936995152658385,9.76526240810082,64.60367394348725,0.12342438652019563,0.49524367511327316,48,72,0,0,0.04247999840637205,0.13252520031159146,0.3254257221325341,0.4999999999999998,1.46790641699954,${GRADIENT_QEF_CAD_ROOT}/Fusion360Gallery/s2.0.1_extended_step/sample_500/step/45178_c1a5b721_0.stp
F064,Fusion360Gallery,56248_b358425c_4,completed,True,24,138,40,0.2898550724637681,0,53,22.223764546821435,57.57190824061562,7.450581884782541e-09,7.45166368609773e-09,88.53616247405995,168.9205491805795,0.5179156527513769,0.7992887006808346,138,264,0,2,0.1296784099986504,0.5692006719983151,0.31374278115315907,0.7681146954528076,0.08185958399917581,${GRADIENT_QEF_CAD_ROOT}/Fusion360Gallery/s2.0.1_extended_step/sample_500/step/56248_b358425c_4.stp
F065,Fusion360Gallery,44354_07805a0e_0,completed,True,24,1000,338,0.338,0,114,1.1086900170696694,38.22579429423906,4.636964305532276e-06,0.06821809768731296,8.974530313565573,68.02015382629348,0.09280047046690086,0.42089455739130716,1000,2000,0,2,0.02951575808543029,0.2613827378803279,0.2351748913916834,0.8372431134189402,0.09287066700017022,${GRADIENT_QEF_CAD_ROOT}/Fusion360Gallery/s2.0.1_extended_step/sample_500/step/44354_07805a0e_0.stp
F066,Fusion360Gallery,27866_ece3076e_102,completed,True,24,792,752,0.9494949494949495,0,8,0,0,1.067893742893049e-15,3.843424708294571e-15,7.607493837266074e-14,0.14721265572164643,6.661338188961103e-17,0.0005819800022149757,792,1596,0,9,0.013260582878690745,0.1137121072171469,0.027379484183299923,0.4999999999999999,0.08246458399844414,${GRADIENT_QEF_CAD_ROOT}/Fusion360Gallery/s2.0.1_extended_step/sample_500/step/27866_ece3076e_102.stp
F067,Fusion360Gallery,75982_f8018303_13,completed,True,24,1923,1508,0.7841913676547062,0,106,0,16.0736775780096,2.383232787117382e-15,2.859826845948987e-05,1.2736929211457327e-13,35.00062608678605,2.0650148266614865e-15,0.27180966214481,1923,3868,0,13,0.018988492764143352,0.1797433427885103,0.06539672889127793,0.509901951359272,0.08129470800122363,${GRADIENT_QEF_CAD_ROOT}/Fusion360Gallery/s2.0.1_extended_step/sample_500/step/75982_f8018303_13.stp
F068,Fusion360Gallery,30910_38ea5a06_21,completed,True,24,402,2,0.004975124378109453,0,56,1.8837373316937658,6.304432059164915,0.004860360754722049,0.01954069639596729,4.086854302537159,23.206216842672244,0.06736647380419886,0.13720449745747262,402,800,0,0,0.04007824524638647,0.08233959399598378,0.2918083322862983,0.5789812055633099,0.07705287499993574,${GRADIENT_QEF_CAD_ROOT}/Fusion360Gallery/s2.0.1_extended_step/sample_500/step/30910_38ea5a06_21.stp
F069,Fusion360Gallery,136652_a09ad805_10,completed,True,24,396,12,0.030303030303030304,0,75,8.793749829817116,34.745777246306666,4.983008405092125e-07,0.0939256762321601,20.11365395408403,58.20832764798169,0.1468489967142004,0.43046792610607215,396,792,0,2,0.042260709939865505,0.24142456636673293,0.3562752917730589,0.7628391451971338,0.09293287500076985,${GRADIENT_QEF_CAD_ROOT}/Fusion360Gallery/s2.0.1_extended_step/sample_500/step/136652_a09ad805_10.stp
F070,Fusion360Gallery,41472_f9d73638_12,completed,True,24,1674,689,0.4115890083632019,0,124,0.07499330772117554,23.604378905503445,9.104282847030993e-06,0.02600007362800354,2.3098418175743713,45.20954133246295,0.019105726270339456,0.3471530696361504,1674,3380,0,18,0.025151467297730008,0.15852724331043647,0.19296011574245986,0.6664701626574118,0.09925149999980931,${GRADIENT_QEF_CAD_ROOT}/Fusion360Gallery/s2.0.1_extended_step/sample_500/step/41472_f9d73638_12.stp
F071,Fusion360Gallery,134850_0ceb2f11_45,completed,True,24,417,4,0.009592326139088728,0,46,8.129856376787988,25.10335053022065,1.3271196870523472e-06,0.09829771707379964,18.595851782017064,37.763576388954256,0.11563179187400874,0.41091787285218295,417,832,0,1,0.05005275007449289,0.1150197956959032,0.3346924443616896,0.625961198647142,0.07658900000024005,${GRADIENT_QEF_CAD_ROOT}/Fusion360Gallery/s2.0.1_extended_step/sample_500/step/134850_0ceb2f11_45.stp
F072,Fusion360Gallery,45468_eaf0dc99_3,completed,True,24,1716,258,0.15034965034965034,0,233,2.3298152428211623,14.111007320573632,0.00020906529949462033,0.020394451596580956,4.13668656655762,30.836744162687083,0.04748894696471112,0.20389319067152056,1716,3432,0,2,0.026571956316551397,0.18344966033844815,0.2994482962786352,0.8591404901821731,0.11959000000024389,${GRADIENT_QEF_CAD_ROOT}/Fusion360Gallery/s2.0.1_extended_step/sample_500/step/45468_eaf0dc99_3.stp
F073,Fusion360Gallery,68956_753650aa_4,completed,True,24,462,20,0.04329004329004329,0,132,26.893229634192245,51.2676172457508,5.755411579400386e-14,0.18132397448392312,47.54972485389048,109.76729093750156,0.31517121305152385,0.6298857412787744,462,920,0,0,0.14935470232980053,0.6505930624690206,0.3386130411882866,0.6091830595149537,0.07984816700081865,${GRADIENT_QEF_CAD_ROOT}/Fusion360Gallery/s2.0.1_extended_step/sample_500/step/68956_753650aa_4.stp
F074,Fusion360Gallery,66323_15018ef7_1,completed,True,24,1182,289,0.24450084602368866,0,105,0.5874874936399288,23.893033572955016,0.013186300632438986,0.19937117003960908,7.948319408466073,42.22870790113316,0.1366231064855624,0.3732531079008997,1182,2360,0,0,0.07998864851552487,0.3989616078719325,0.26280494443888336,0.7580113564346657,0.13065145899963682,${GRADIENT_QEF_CAD_ROOT}/Fusion360Gallery/s2.0.1_extended_step/sample_500/step/66323_15018ef7_1.stp
F075,Fusion360Gallery,119553_457234b4_11,completed,True,24,908,526,0.579295154185022,0,66,0.0026646989470539414,25.459953211130138,1.1555907224652386e-06,0.03551625056328485,0.00812061103596222,40.512582792398916,6.544241627673415e-05,0.35342188158111565,908,1816,0,0,0.022509217639082906,0.23547027088648353,0.14906829465789345,0.6343319684158271,0.1285773750005319,${GRADIENT_QEF_CAD_ROOT}/Fusion360Gallery/s2.0.1_extended_step/sample_500/step/119553_457234b4_11.stp
F076,Fusion360Gallery,145132_7aea3b66_29,completed,True,24,716,109,0.15223463687150837,0,143,7.366904485861479,35.220000502254315,0.0001463721349810843,0.17227128779969625,18.32781439904082,65.6449821289455,0.18526320401722768,0.5481182589260993,716,1476,0,24,0.061193864736384655,0.6597628327115854,0.2739000402221814,0.8348700865780531,0.11545720799949777,${GRADIENT_QEF_CAD_ROOT}/Fusion360Gallery/s2.0.1_extended_step/sample_500/step/145132_7aea3b66_29.stp
F077,Fusion360Gallery,24039_448afafa_5,completed,True,24,1398,668,0.47782546494992845,0,150,0.009308438928675573,25.9713665274694,3.014577520672848e-15,0.03547546308630114,1.3083584199923988,48.29867114363249,0.017020568423578263,0.34652394614120147,1398,2800,0,4,0.03491091806105941,0.2521405617828491,0.15238968722012539,0.7973454801398208,0.09885095800018462,${GRADIENT_QEF_CAD_ROOT}/Fusion360Gallery/s2.0.1_extended_step/sample_500/step/24039_448afafa_5.stp
F078,Fusion360Gallery,130996_b842b511_24,completed,True,24,648,360,0.5555555555555556,0,86,4.435576985136622e-06,9.377078518936424,1.0290902489334075e-13,1.0375283646464338e-05,6.619223445108969e-05,13.965942259471426,4.41727002576585e-07,0.1665796206118988,648,1292,0,0,0.027511392367143478,0.13030630712160302,0.1687053733255368,0.5000000000000205,0.07533608300036576,${GRADIENT_QEF_CAD_ROOT}/Fusion360Gallery/s2.0.1_extended_step/sample_500/step/130996_b842b511_24.stp
F079,Fusion360Gallery,34443_27f9adde_5,completed,True,24,455,199,0.43736263736263736,0,59,0.004642368061334463,41.770274812186045,1.014274867330706e-14,0.12257525675525742,4.111715125319869,75.44895425618715,0.026922345731317868,0.42661371757591726,455,912,0,3,0.024777499672604134,0.11497926995703338,0.23205387440824415,0.7147474407439102,0.09196904200143763,${GRADIENT_QEF_CAD_ROOT}/Fusion360Gallery/s2.0.1_extended_step/sample_500/step/34443_27f9adde_5.stp
F080,Fusion360Gallery,83110_487f8396_3,completed,True,24,1245,178,0.1429718875502008,0,133,1.2584017253682953,18.60401598508771,0.00017770353942038122,0.019683351574089063,2.826944271508511,41.072441888594504,0.024467395122602247,0.24237619987863024,1245,2488,0,1,0.02270533392961352,0.3143704805132213,0.3059818920340849,0.7650142208147989,0.09970745799910219,${GRADIENT_QEF_CAD_ROOT}/Fusion360Gallery/s2.0.1_extended_step/sample_500/step/83110_487f8396_3.stp
F081,Fusion360Gallery,70834_d131d9c8_0,completed,True,24,2493,477,0.19133574007220217,0,311,2.0787414361791816,16.972117944604058,7.775924568183097e-05,0.024388838922916427,3.379736066812139,30.50894780783737,0.030069795570659603,0.2432764371757535,2493,5028,0,20,0.023300394507438874,0.7020498231626903,0.3040574928854176,0.8451294961866055,0.11431866699967941,${GRADIENT_QEF_CAD_ROOT}/Fusion360Gallery/s2.0.1_extended_step/sample_500/step/70834_d131d9c8_0.stp
F082,Fusion360Gallery,41624_a15f83c1_7,completed,True,24,2256,773,0.3426418439716312,0,223,0.633979375746426,6.705848897404731,8.592868015318674e-15,0.011122279399997024,1.8490581998985833,18.401166722801378,0.014230405826143811,0.1339881096580368,2256,4528,0,10,0.018915121119277435,0.13850786480834357,0.25086672351024164,0.8103673024042504,0.11378495800090604,${GRADIENT_QEF_CAD_ROOT}/Fusion360Gallery/s2.0.1_extended_step/sample_500/step/41624_a15f83c1_7.stp
F083,Fusion360Gallery,23267_8ecbbb9e_2,no_zero_crossing_at_resolution,False,24,,,,,,,,,,,,,,,,,,,,,,0.07218620799903874,${GRADIENT_QEF_CAD_ROOT}/Fusion360Gallery/s2.0.1_extended_step/sample_500/step/23267_8ecbbb9e_2.stp
F084,Fusion360Gallery,79791_00f639ca_9,completed,True,24,1350,610,0.45185185185185184,0,135,0.0032290194466251558,26.280846429612453,1.2063781638095152e-14,0.014620783495947708,1.3906662391952354,44.89743241496642,0.00988734729562744,0.31913146820023847,1350,2700,0,2,0.029852116153085903,0.256925443387492,0.1497978041306614,0.8059247455605314,0.10411654199924669,${GRADIENT_QEF_CAD_ROOT}/Fusion360Gallery/s2.0.1_extended_step/sample_500/step/79791_00f639ca_9.stp
F085,Fusion360Gallery,50410_f8f03667_33,no_zero_crossing_at_resolution,False,24,,,,,,,,,,,,,,,,,,,,,,0.08617162500013364,${GRADIENT_QEF_CAD_ROOT}/Fusion360Gallery/s2.0.1_extended_step/sample_500/step/50410_f8f03667_33.stp
F086,Fusion360Gallery,41650_9417da80_0,completed,True,24,1365,727,0.5326007326007326,0,71,0.004663539699766345,37.0589580685027,7.358221679667974e-06,0.11923129092540376,0.021813773147387486,66.37079525410647,0.0002887825462673754,0.30648391199025116,1365,2728,0,1,0.01933565946855634,0.10879225265504336,0.17938586244844484,0.6621539457804003,0.09715725000023667,${GRADIENT_QEF_CAD_ROOT}/Fusion360Gallery/s2.0.1_extended_step/sample_500/step/41650_9417da80_0.stp
F087,Fusion360Gallery,119457_8ed60b2e_9,completed,True,24,1370,45,0.032846715328467155,0,143,2.39186378470918,28.22202566201118,0.0026617595680876746,0.020900968160408873,3.4378335238747053,58.11349960595656,0.03980094452421824,0.35996839744957704,1370,2736,0,0,0.035292566606214916,0.3464924648235341,0.2943714509267363,0.8200151063035084,0.12062441700072668,${GRADIENT_QEF_CAD_ROOT}/Fusion360Gallery/s2.0.1_extended_step/sample_500/step/119457_8ed60b2e_9.stp
F088,Fusion360Gallery,21477_babb9c34_24,completed,True,24,583,25,0.04288164665523156,0,201,31.0245881283811,47.096704863593196,3.842847400787252e-15,0.1428571428571426,52.498365665799206,103.322395691921,0.3244090676894116,0.6696483605673459,583,1180,0,7,0.16515528603153248,0.6664506833262979,0.3944535210066914,0.718936631822859,0.10581062500023108,${GRADIENT_QEF_CAD_ROOT}/Fusion360Gallery/s2.0.1_extended_step/sample_500/step/21477_babb9c34_24.stp
F089,Fusion360Gallery,25354_ce952bc1_1,completed,True,24,1804,5,0.002771618625277162,0,218,2.838857679063233,14.547541051332443,0.00028643972581240506,0.017343273068230955,4.719982196477983,22.464751114276062,0.05277533728179937,0.19858703656364876,1804,3608,0,0,0.02326074201418668,0.16969983470536323,0.34199726429031935,0.7005422501024708,0.13335574999837263,${GRADIENT_QEF_CAD_ROOT}/Fusion360Gallery/s2.0.1_extended_step/sample_500/step/25354_ce952bc1_1.stp
F090,Fusion360Gallery,133734_9fdc1293_3,completed,True,24,1290,397,0.3077519379844961,0,78,2.323090568881364,31.489594270722133,0.0003273616888459708,0.08941279476093118,8.175259972303117,49.013752918000336,0.10798796868277202,0.3552471066351799,1290,2580,0,2,0.029504085738907594,0.22466580272728115,0.17895924365948293,0.8329189255823687,0.17889862499941955,${GRADIENT_QEF_CAD_ROOT}/Fusion360Gallery/s2.0.1_extended_step/sample_500/step/133734_9fdc1293_3.stp
F091,Fusion360Gallery,137098_0a45d1c8_26,completed,True,24,806,203,0.2518610421836228,0,182,2.1826870573557517,28.774080547694954,2.6975641251833767e-15,0.0421052631578962,4.181506450192991,52.31860871466382,0.03172036518211052,0.34701159289303735,806,1612,0,2,0.024158391753515387,0.11830314910853103,0.33911970630740046,0.6123657240310448,0.11640579100094328,${GRADIENT_QEF_CAD_ROOT}/Fusion360Gallery/s2.0.1_extended_step/sample_500/step/137098_0a45d1c8_26.stp
F092,Fusion360Gallery,32743_f4c47bbc_15,completed,True,24,440,0,0,0,42,1.4417481041873197,23.60943474921379,0.00020970043242125286,0.0761823019226399,7.7759201447737905,32.46678235689658,0.07367349508573488,0.334600130493581,440,876,0,0,0.05315643173482833,0.36979896443480004,0.21630714502582124,0.5121833875094919,0.07556554099937784,${GRADIENT_QEF_CAD_ROOT}/Fusion360Gallery/s2.0.1_extended_step/sample_500/step/32743_f4c47bbc_15.stp
F093,Fusion360Gallery,50897_3be92e2f_28,completed,True,24,1113,16,0.014375561545372867,0,209,8.980974714637458,20.652567190886977,0.014615935965621161,0.22578250753416784,22.45049240855206,51.41343472314416,0.21195700924989763,1.0738844043554858,1113,2552,0,191,0.11175484291663741,0.3032023868157407,0.2900243422632543,0.6815114576328716,0.12513941599900136,${GRADIENT_QEF_CAD_ROOT}/Fusion360Gallery/s2.0.1_extended_step/sample_500/step/50897_3be92e2f_28.stp
F094,Fusion360Gallery,143481_e8d7fe93_0,completed,True,24,1109,287,0.2587917042380523,0,128,3.1418171493185336,32.4814146583436,3.671871302067311e-05,0.05690431074337377,12.267920496980647,57.449142418717194,0.10446941555760758,0.37476809872723355,1109,2216,0,1,0.03179394338949069,0.34644317321277335,0.22991034186218548,0.8441353944918588,0.1692337080003199,${GRADIENT_QEF_CAD_ROOT}/Fusion360Gallery/s2.0.1_extended_step/sample_500/step/143481_e8d7fe93_0.stp
F095,Fusion360Gallery,81836_fc49fcee_10,completed,True,24,822,794,0.9659367396593674,0,4,0,0.0027993421680282955,2.135787485786098e-15,4.265337574760008e-15,9.975354591902796e-14,0.02646323752205905,1.3322696954711873e-16,0.00014757851437632155,822,1628,0,6,0.01715058987342868,0.5218534787315583,0.027846534346957462,0.7071067811865486,0.12347841700102435,${GRADIENT_QEF_CAD_ROOT}/Fusion360Gallery/s2.0.1_extended_step/sample_500/step/81836_fc49fcee_10.stp
F096,Fusion360Gallery,33413_060ce192_49,completed,True,24,1428,428,0.29971988795518206,0,228,0.7808390052227188,30.873170447658772,3.6068297855873166e-05,0.04398677764581404,5.017522027242075,58.63590287488854,0.04373581910863865,0.46255282670428094,1428,2868,0,10,0.031000459478581953,0.291921252088441,0.25682389509882975,0.7639847316181138,0.09504558300068311,${GRADIENT_QEF_CAD_ROOT}/Fusion360Gallery/s2.0.1_extended_step/sample_500/step/33413_060ce192_49.stp
F097,Fusion360Gallery,111056_3839d6da_1,completed,True,24,714,405,0.5672268907563025,0,74,8.298902184893503e-06,14.036356869380903,2.6645352591003757e-15,9.565325237161914e-05,0.0006395836894097034,19.73456138844634,2.2464445912641e-06,0.22385840680457844,714,1424,0,0,0.02623759104219977,0.201429209734696,0.1345608171925042,0.5000000000000003,0.07493508300103713,${GRADIENT_QEF_CAD_ROOT}/Fusion360Gallery/s2.0.1_extended_step/sample_500/step/111056_3839d6da_1.stp
F098,Fusion360Gallery,133129_0872b871_1,completed,True,24,76,28,0.3684210526315789,0,20,7.3600431554613746,19.289943649324293,1.3322676295501878e-15,3.370400129833633e-15,21.154901212292803,43.48874377740549,0.1158452818145935,0.3075080818089863,76,136,0,0,0.052169987511723366,0.1847695403063029,0.24008195538557114,0.5000000000000001,0.07109779199890909,${GRADIENT_QEF_CAD_ROOT}/Fusion360Gallery/s2.0.1_extended_step/sample_500/step/133129_0872b871_1.stp
F099,Fusion360Gallery,52890_0ae9bb77_1,completed,True,24,104,0,0,0,47,38.98462518683792,55.23362025779231,4.273482748079707e-15,1.5573403550790547e-14,56.17501778860529,132.93782420061976,0.41589951789944496,0.563266454796648,104,196,0,0,0.17201255216174766,0.6492933557988257,0.357783921549116,0.5000000000000001,0.2167690410005889,${GRADIENT_QEF_CAD_ROOT}/Fusion360Gallery/s2.0.1_extended_step/sample_500/step/52890_0ae9bb77_1.stp
F100,Fusion360Gallery,143768_2939716e_0,completed,True,24,8,0,0,0,4,26.940175041499206,50.65050248106085,7.447602459741819e-17,1.8800593747743354e-16,41.16207860704749,64.61804534514722,0.2970704934173133,0.31526763237704364,8,12,0,0,0.16193618301492474,0.31359594494478527,0.27419375125834644,0.5000000000000001,0.0924809579992143,${GRADIENT_QEF_CAD_ROOT}/Fusion360Gallery/s2.0.1_extended_step/sample_500/step/143768_2939716e_0.stp
